# Lantern_01_1k.gltf node 1 primitive 0
v -0.024745 0.024791 0.083415
v -0.029102 0.019481 0.083415
v -0.032340 0.013424 0.083415
v -0.034333 0.006852 0.083415
v -0.035007 0.000016 0.083415
v -0.034333 -0.006819 0.083415
v -0.032340 -0.013391 0.083415
v -0.029102 -0.019449 0.083415
v -0.024745 -0.024758 0.083415
v -0.019435 -0.029115 0.083415
v -0.013378 -0.032353 0.083415
v -0.006805 -0.034347 0.083415
v 0.000030 -0.035020 0.083415
v 0.006865 -0.034347 0.083415
v 0.013438 -0.032353 0.083415
v 0.019495 -0.029115 0.083415
v 0.024804 -0.024758 0.083415
v 0.000030 0.032997 0.077424
v 0.000030 0.032997 0.077424
v -0.006405 0.032364 0.077424
v -0.012592 0.030487 0.077424
v -0.018294 0.027439 0.077424
v -0.023291 0.023337 0.077424
v -0.027393 0.018340 0.077424
v -0.030441 0.012638 0.077424
v -0.032318 0.006451 0.077424
v -0.032951 0.000016 0.077424
v -0.032318 -0.006418 0.077424
v -0.030441 -0.012605 0.077424
v -0.027393 -0.018307 0.077424
v -0.023291 -0.023305 0.077424
v -0.018294 -0.027406 0.077424
v -0.012592 -0.030454 0.077424
v -0.006405 -0.032331 0.077424
v 0.000030 -0.032965 0.077424
v 0.006464 -0.032331 0.077424
v 0.012651 -0.030454 0.077424
v 0.018353 -0.027406 0.077424
v 0.023351 -0.023305 0.077424
v 0.027453 -0.018307 0.077424
v 0.030500 -0.012605 0.077424
v 0.032377 -0.006418 0.077424
v 0.033011 0.000016 0.077424
v 0.032377 0.006451 0.077424
v 0.030500 0.012638 0.077424
v 0.027452 0.018340 0.077424
v 0.023351 0.023338 0.077424
v 0.018353 0.027439 0.077424
v 0.012651 0.030487 0.077424
v 0.006464 0.032364 0.077424
v 0.000030 0.029757 0.071622
v 0.000030 0.029757 0.071622
v -0.005772 0.029186 0.071622
v -0.011352 0.027493 0.071622
v -0.016493 0.024745 0.071622
v -0.021000 0.021046 0.071622
v -0.024699 0.016540 0.071622
v -0.027447 0.011398 0.071622
v -0.029140 0.005819 0.071622
v -0.029711 0.000016 0.071622
v -0.029140 -0.005786 0.071622
v -0.027447 -0.011365 0.071622
v -0.024699 -0.016507 0.071622
v -0.021000 -0.021014 0.071622
v -0.016493 -0.024712 0.071622
v -0.011352 -0.027461 0.071622
v -0.005772 -0.029153 0.071622
v 0.000030 -0.029725 0.071622
v 0.005832 -0.029153 0.071622
v 0.011411 -0.027461 0.071622
v 0.016553 -0.024712 0.071622
v 0.021060 -0.021014 0.071622
v 0.024758 -0.016507 0.071622
v 0.027507 -0.011365 0.071622
v 0.029199 -0.005786 0.071622
v 0.029771 0.000016 0.071622
v 0.029199 0.005819 0.071622
v 0.027507 0.011398 0.071622
v 0.024758 0.016540 0.071622
v 0.021060 0.021046 0.071622
v 0.016553 0.024745 0.071622
v 0.011411 0.027493 0.071622
v 0.005832 0.029186 0.071622
v 0.000030 0.025955 0.066799
v 0.000030 0.025955 0.066799
v -0.005031 0.025456 0.066799
v -0.009897 0.023980 0.066799
v -0.014381 0.021583 0.066799
v -0.018312 0.018358 0.066799
v -0.021537 0.014427 0.066799
v -0.023934 0.009943 0.066799
v -0.025410 0.005077 0.066799
v -0.025909 0.000016 0.066799
v -0.025410 -0.005044 0.066799
v -0.023934 -0.009910 0.066799
v -0.021537 -0.014394 0.066799
v -0.018312 -0.018325 0.066799
v -0.014381 -0.021551 0.066799
v -0.009896 -0.023948 0.066799
v -0.005031 -0.025424 0.066799
v 0.000030 -0.025922 0.066799
v 0.005090 -0.025424 0.066799
v 0.009956 -0.023948 0.066799
v 0.014440 -0.021551 0.066799
v 0.018371 -0.018325 0.066799
v 0.021597 -0.014394 0.066799
v 0.023994 -0.009910 0.066799
v 0.025470 -0.005044 0.066799
v 0.025968 0.000016 0.066799
v 0.025470 0.005077 0.066799
v 0.023994 0.009943 0.066799
v 0.021597 0.014427 0.066799
v 0.018371 0.018358 0.066799
v 0.014440 0.021583 0.066799
v 0.009956 0.023980 0.066799
v 0.005090 0.025457 0.066799
v 0.035066 0.000016 0.083415
v 0.034393 0.006852 0.083415
v 0.032399 0.013424 0.083415
v 0.029161 0.019481 0.083415
v 0.024804 0.024791 0.083415
v 0.019495 0.029148 0.083415
v 0.013438 0.032386 0.083415
v 0.006865 0.034379 0.083415
v 0.000030 0.035053 0.083415
v 0.000030 0.035053 0.083415
v -0.006805 0.034379 0.083415
v -0.013378 0.032386 0.083415
v -0.019435 0.029148 0.083415
v 0.029161 -0.019449 0.083415
v 0.032399 -0.013391 0.083415
v 0.034393 -0.006819 0.083415
v 0.025884 0.000016 0.127209
v 0.025387 -0.005028 0.127209
v 0.000030 0.024892 0.061383
v 0.000030 0.024892 0.061383
v 0.000030 0.024892 0.061383
v 0.000030 0.024892 0.061383
v -0.004823 0.024414 0.061383
v -0.004823 0.024414 0.061383
v -0.009490 0.022998 0.061383
v -0.009490 0.022998 0.061383
v -0.013790 0.020700 0.061383
v -0.013790 0.020700 0.061383
v -0.017560 0.017606 0.061383
v -0.017560 0.017606 0.061383
v -0.020653 0.013836 0.061383
v -0.020653 0.013836 0.061383
v -0.022952 0.009536 0.061383
v -0.022952 0.009536 0.061383
v -0.024368 0.004869 0.061383
v -0.024368 0.004869 0.061383
v -0.024846 0.000016 0.061383
v -0.024846 0.000016 0.061383
v -0.024368 -0.004837 0.061383
v -0.024368 -0.004837 0.061383
v -0.022952 -0.009503 0.061383
v -0.022952 -0.009503 0.061383
v -0.020653 -0.013804 0.061383
v -0.020653 -0.013804 0.061383
v -0.017560 -0.017573 0.061383
v -0.017560 -0.017573 0.061383
v -0.013790 -0.020667 0.061383
v -0.013790 -0.020667 0.061383
v -0.009490 -0.022966 0.061383
v -0.009490 -0.022966 0.061383
v -0.004823 -0.024381 0.061383
v -0.004823 -0.024381 0.061383
v 0.000030 -0.024859 0.061383
v 0.000030 -0.024859 0.061383
v 0.004883 -0.024381 0.061383
v 0.004883 -0.024381 0.061383
v 0.009549 -0.022966 0.061383
v 0.009549 -0.022966 0.061383
v 0.013850 -0.020667 0.061383
v 0.013850 -0.020667 0.061383
v 0.017619 -0.017573 0.061383
v 0.017619 -0.017573 0.061383
v 0.020713 -0.013804 0.061383
v 0.020713 -0.013804 0.061383
v 0.023012 -0.009503 0.061383
v 0.023012 -0.009503 0.061383
v 0.024427 -0.004837 0.061383
v 0.024427 -0.004837 0.061383
v 0.024905 0.000016 0.061383
v 0.024905 0.000016 0.061383
v 0.024427 0.004869 0.061383
v 0.024427 0.004869 0.061383
v 0.023012 0.009536 0.061383
v 0.023012 0.009536 0.061383
v 0.020713 0.013836 0.061383
v 0.020713 0.013836 0.061383
v 0.017619 0.017606 0.061383
v 0.017619 0.017606 0.061383
v 0.013850 0.020700 0.061383
v 0.013850 0.020700 0.061383
v 0.009549 0.022998 0.061383
v 0.009549 0.022998 0.061383
v 0.004883 0.024414 0.061383
v 0.004883 0.024414 0.061383
v 0.019293 -0.028813 0.098182
v 0.013299 -0.032018 0.098182
v 0.006794 -0.033991 0.098182
v 0.000030 -0.034657 0.098182
v -0.006735 -0.033991 0.098182
v -0.013239 -0.032018 0.098182
v -0.019234 -0.028814 0.098182
v -0.024488 -0.024501 0.098182
v -0.028800 -0.019247 0.098182
v -0.032004 -0.013253 0.098182
v -0.033977 -0.006748 0.098182
v -0.034644 0.000016 0.098182
v -0.033977 0.006781 0.098182
v -0.032004 0.013285 0.098182
v -0.028800 0.019280 0.098182
v -0.024488 0.024534 0.098182
v -0.019234 0.028846 0.098182
v -0.013239 0.032050 0.098182
v -0.006735 0.034023 0.098182
v 0.000030 0.034690 0.098182
v 0.000030 0.034690 0.098182
v 0.006794 0.034023 0.098182
v 0.013299 0.032050 0.098182
v 0.019293 0.028846 0.098182
v 0.024548 0.024534 0.098182
v 0.028860 0.019280 0.098182
v 0.032064 0.013285 0.098182
v 0.034037 0.006781 0.098182
v 0.034703 0.000016 0.098182
v 0.034037 -0.006748 0.098182
v 0.032064 -0.013253 0.098182
v 0.028860 -0.019247 0.098182
v 0.024548 -0.024501 0.098182
v -0.018890 -0.028300 0.104744
v -0.024051 -0.024064 0.104744
v -0.028286 -0.018904 0.104744
v -0.031433 -0.013016 0.104744
v -0.033371 -0.006628 0.104744
v -0.034025 0.000016 0.104744
v -0.033371 0.006660 0.104744
v -0.031433 0.013049 0.104744
v -0.028286 0.018936 0.104744
v -0.024051 0.024097 0.104744
v -0.018890 0.028332 0.104744
v -0.013003 0.031479 0.104744
v -0.006614 0.033417 0.104744
v 0.000030 0.034072 0.104744
v 0.000030 0.034072 0.104744
v 0.006674 0.033417 0.104744
v 0.013062 0.031479 0.104744
v 0.018950 0.028332 0.104744
v 0.024110 0.024097 0.104744
v 0.028346 0.018936 0.104744
v 0.031493 0.013049 0.104744
v 0.033431 0.006660 0.104744
v 0.034085 0.000016 0.104744
v 0.033431 -0.006627 0.104744
v 0.031493 -0.013016 0.104744
v 0.028346 -0.018904 0.104744
v 0.024110 -0.024064 0.104744
v 0.018950 -0.028299 0.104744
v 0.013062 -0.031447 0.104744
v 0.006674 -0.033384 0.104744
v 0.000030 -0.034039 0.104744
v -0.006614 -0.033385 0.104744
v -0.013003 -0.031447 0.104744
v 0.025387 0.005060 0.127209
v 0.023916 0.009910 0.127209
v 0.021527 0.014380 0.127209
v 0.018312 0.018298 0.127209
v 0.014394 0.021514 0.127209
v 0.009924 0.023903 0.127209
v 0.005074 0.025374 0.127209
v 0.000030 0.025871 0.127209
v 0.000030 0.025871 0.127209
v -0.005014 0.025374 0.127209
v -0.009864 0.023903 0.127209
v -0.014334 0.021514 0.127209
v -0.018252 0.018298 0.127209
v -0.021467 0.014380 0.127209
v -0.023857 0.009910 0.127209
v -0.025328 0.005060 0.127209
v -0.025825 0.000016 0.127209
v -0.025328 -0.005028 0.127209
v -0.023857 -0.009878 0.127209
v -0.021467 -0.014348 0.127209
v -0.018252 -0.018266 0.127209
v -0.014334 -0.021481 0.127209
v -0.009864 -0.023870 0.127209
v -0.005014 -0.025341 0.127209
v 0.000030 -0.025838 0.127209
v 0.005074 -0.025341 0.127209
v 0.009924 -0.023870 0.127209
v 0.014394 -0.021481 0.127209
v 0.018312 -0.018265 0.127209
v 0.021527 -0.014348 0.127209
v 0.023916 -0.009878 0.127209
v 0.018030 -0.026923 0.110947
v 0.012429 -0.029917 0.110947
v 0.006351 -0.031761 0.110947
v 0.000030 -0.032384 0.110947
v -0.006291 -0.031761 0.110947
v -0.012369 -0.029917 0.110947
v -0.017971 -0.026923 0.110947
v -0.022880 -0.022894 0.110947
v -0.026910 -0.017984 0.110947
v -0.029904 -0.012383 0.110947
v -0.031748 -0.006305 0.110947
v -0.032370 0.000016 0.110947
v -0.031748 0.006337 0.110947
v -0.029904 0.012415 0.110947
v -0.026910 0.018017 0.110947
v -0.022880 0.022927 0.110947
v -0.017971 0.026956 0.110947
v -0.012369 0.029950 0.110947
v -0.006291 0.031794 0.110947
v 0.000030 0.032416 0.110947
v 0.000030 0.032416 0.110947
v 0.006351 0.031794 0.110947
v 0.012429 0.029950 0.110947
v 0.018030 0.026956 0.110947
v 0.022940 0.022927 0.110947
v 0.026969 0.018017 0.110947
v 0.029963 0.012415 0.110947
v 0.031807 0.006337 0.110947
v 0.032430 0.000016 0.110947
v 0.031807 -0.006305 0.110947
v 0.029963 -0.012383 0.110947
v 0.026969 -0.017984 0.110947
v 0.022940 -0.022894 0.110947
v 0.000030 -0.029704 0.116788
v 0.005828 -0.029133 0.116788
v 0.011403 -0.027441 0.116788
v 0.016541 -0.024695 0.116788
v 0.021045 -0.020999 0.116788
v 0.024741 -0.016495 0.116788
v 0.027488 -0.011357 0.116788
v 0.029179 -0.005782 0.116788
v 0.029750 0.000016 0.116788
v 0.029179 0.005814 0.116788
v 0.027487 0.011390 0.116788
v 0.024741 0.016528 0.116788
v 0.021045 0.021032 0.116788
v 0.016541 0.024728 0.116788
v 0.011403 0.027474 0.116788
v 0.005828 0.029165 0.116788
v 0.000030 0.029736 0.116788
v 0.000030 0.029736 0.116788
v -0.005768 0.029165 0.116788
v -0.011344 0.027474 0.116788
v -0.016482 0.024728 0.116788
v -0.020986 0.021032 0.116788
v -0.024682 0.016528 0.116788
v -0.027428 0.011390 0.116788
v -0.029119 0.005814 0.116788
v -0.029690 0.000016 0.116788
v -0.029119 -0.005782 0.116788
v -0.027428 -0.011357 0.116788
v -0.024682 -0.016495 0.116788
v -0.020986 -0.020999 0.116788
v -0.016482 -0.024695 0.116788
v -0.011344 -0.027441 0.116788
v -0.005768 -0.029133 0.116788
v 0.027122 0.000016 0.122049
v 0.026601 0.005302 0.122049
v 0.025059 0.010384 0.122049
v 0.022556 0.015068 0.122049
v 0.019187 0.019173 0.122049
v 0.015081 0.022542 0.122049
v 0.010397 0.025046 0.122049
v 0.005315 0.026588 0.122049
v 0.000030 0.027108 0.122049
v 0.000030 0.027108 0.122049
v -0.005256 0.026588 0.122049
v -0.010338 0.025046 0.122049
v -0.015022 0.022542 0.122049
v -0.019127 0.019173 0.122049
v -0.022496 0.015068 0.122049
v -0.025000 0.010384 0.122049
v -0.026542 0.005302 0.122049
v -0.027062 0.000016 0.122049
v -0.026542 -0.005269 0.122049
v -0.025000 -0.010351 0.122049
v -0.022496 -0.015035 0.122049
v -0.019127 -0.019141 0.122049
v -0.015022 -0.022510 0.122049
v -0.010338 -0.025013 0.122049
v -0.005256 -0.026555 0.122049
v 0.000030 -0.027076 0.122049
v 0.005315 -0.026555 0.122049
v 0.010397 -0.025013 0.122049
v 0.015081 -0.022510 0.122049
v 0.019187 -0.019141 0.122049
v 0.022556 -0.015035 0.122049
v 0.025059 -0.010351 0.122049
v 0.026601 -0.005269 0.122049
v 0.000030 0.034297 0.080351
v 0.000030 0.034297 0.080351
v -0.006658 0.033638 0.080351
v -0.013089 0.031687 0.080351
v -0.019016 0.028520 0.080351
v -0.024210 0.024256 0.080351
v -0.028474 0.019062 0.080351
v -0.031641 0.013135 0.080351
v -0.033592 0.006704 0.080351
v -0.034251 0.000016 0.080351
v -0.033592 -0.006671 0.080351
v -0.031641 -0.013102 0.080351
v -0.028474 -0.019029 0.080351
v -0.024210 -0.024224 0.080351
v -0.019016 -0.028487 0.080351
v -0.013089 -0.031655 0.080351
v -0.006658 -0.033606 0.080351
v 0.000030 -0.034264 0.080351
v 0.006718 -0.033606 0.080351
v 0.013148 -0.031655 0.080351
v 0.019075 -0.028487 0.080351
v 0.024270 -0.024224 0.080351
v 0.028533 -0.019029 0.080351
v 0.031701 -0.013102 0.080351
v 0.033652 -0.006671 0.080351
v 0.034310 0.000016 0.080351
v 0.033652 0.006704 0.080351
v 0.031701 0.013135 0.080351
v 0.028533 0.019062 0.080351
v 0.024270 0.024256 0.080351
v 0.019075 0.028520 0.080351
v 0.013148 0.031687 0.080351
v 0.006718 0.033638 0.080351
v 0.000030 0.031550 0.074432
v 0.000030 0.031550 0.074432
v -0.006122 0.030944 0.074432
v -0.012038 0.029150 0.074432
v -0.017489 0.026236 0.074432
v -0.022268 0.022314 0.074432
v -0.026190 0.017535 0.074432
v -0.029104 0.012084 0.074432
v -0.030898 0.006168 0.074432
v -0.031504 0.000016 0.074432
v -0.030898 -0.006136 0.074432
v -0.029104 -0.012051 0.074432
v -0.026190 -0.017503 0.074432
v -0.022268 -0.022281 0.074432
v -0.017489 -0.026203 0.074432
v -0.012038 -0.029117 0.074432
v -0.006122 -0.030911 0.074432
v 0.000030 -0.031517 0.074432
v 0.006182 -0.030911 0.074432
v 0.012097 -0.029117 0.074432
v 0.017549 -0.026203 0.074432
v 0.022327 -0.022281 0.074432
v 0.026249 -0.017503 0.074432
v 0.029163 -0.012051 0.074432
v 0.030957 -0.006136 0.074432
v 0.031563 0.000016 0.074432
v 0.030957 0.006168 0.074432
v 0.029163 0.012084 0.074432
v 0.026249 0.017536 0.074432
v 0.022327 0.022314 0.074432
v 0.017549 0.026236 0.074432
v 0.012097 0.029150 0.074432
v 0.006182 0.030944 0.074432
v 0.000030 0.027698 0.069267
v 0.000030 0.027698 0.069267
v -0.005371 0.027166 0.069267
v -0.010563 0.025591 0.069267
v -0.015349 0.023032 0.069267
v -0.019544 0.019590 0.069267
v -0.022986 0.015395 0.069267
v -0.025544 0.010610 0.069267
v -0.027120 0.005417 0.069267
v -0.027652 0.000016 0.069267
v -0.027120 -0.005384 0.069267
v -0.025544 -0.010577 0.069267
v -0.022986 -0.015363 0.069267
v -0.019544 -0.019557 0.069267
v -0.015349 -0.023000 0.069267
v -0.010563 -0.025558 0.069267
v -0.005371 -0.027133 0.069267
v 0.000030 -0.027665 0.069267
v 0.005430 -0.027133 0.069267
v 0.010623 -0.025558 0.069267
v 0.015409 -0.023000 0.069267
v 0.019603 -0.019557 0.069267
v 0.023046 -0.015363 0.069267
v 0.025604 -0.010577 0.069267
v 0.027179 -0.005384 0.069267
v 0.027711 0.000016 0.069267
v 0.027179 0.005417 0.069267
v 0.025604 0.010610 0.069267
v 0.023046 0.015395 0.069267
v 0.019603 0.019590 0.069267
v 0.015409 0.023033 0.069267
v 0.010623 0.025591 0.069267
v 0.005430 0.027166 0.069267
v 0.034626 0.006898 0.087137
v 0.026295 0.000016 0.124582
v 0.032619 0.013515 0.087137
v 0.029359 0.019614 0.087137
v 0.024972 0.024959 0.087137
v 0.019627 0.029346 0.087137
v 0.013529 0.032605 0.087137
v 0.006911 0.034613 0.087137
v 0.000030 0.035290 0.087137
v 0.000030 0.035290 0.087137
v -0.006852 0.034613 0.087137
v -0.013469 0.032605 0.087137
v -0.019568 0.029346 0.087137
v -0.024913 0.024959 0.087137
v -0.029300 0.019614 0.087137
v -0.032559 0.013515 0.087137
v -0.034567 0.006898 0.087137
v -0.035244 0.000016 0.087137
v -0.034567 -0.006865 0.087137
v -0.032559 -0.013483 0.087137
v -0.029300 -0.019581 0.087137
v -0.024913 -0.024926 0.087137
v -0.019568 -0.029313 0.087137
v -0.013469 -0.032573 0.087137
v -0.006852 -0.034580 0.087137
v 0.000030 -0.035258 0.087137
v 0.006911 -0.034580 0.087137
v 0.013529 -0.032573 0.087137
v 0.019627 -0.029313 0.087137
v 0.024972 -0.024926 0.087137
v 0.029359 -0.019581 0.087137
v 0.032619 -0.013482 0.087137
v 0.034626 -0.006865 0.087137
v 0.000030 0.025216 0.064184
v 0.000030 0.025216 0.064184
v -0.004886 0.024731 0.064184
v -0.009614 0.023297 0.064184
v -0.013970 0.020969 0.064184
v -0.017789 0.017835 0.064184
v -0.020923 0.014016 0.064184
v -0.023251 0.009660 0.064184
v -0.024685 0.004932 0.064184
v -0.025170 0.000016 0.064184
v -0.024685 -0.004900 0.064184
v -0.023251 -0.009627 0.064184
v -0.020923 -0.013984 0.064184
v -0.017789 -0.017802 0.064184
v -0.013970 -0.020936 0.064184
v -0.009614 -0.023265 0.064184
v -0.004886 -0.024699 0.064184
v 0.000030 -0.025183 0.064184
v 0.004946 -0.024699 0.064184
v 0.009673 -0.023265 0.064184
v 0.014030 -0.020936 0.064184
v 0.017848 -0.017802 0.064184
v 0.020982 -0.013984 0.064184
v 0.023311 -0.009627 0.064184
v 0.024745 -0.004900 0.064184
v 0.025229 0.000016 0.064184
v 0.024745 0.004933 0.064184
v 0.023311 0.009660 0.064184
v 0.020982 0.014016 0.064184
v 0.017848 0.017835 0.064184
v 0.014030 0.020969 0.064184
v 0.009673 0.023297 0.064184
v 0.004946 0.024731 0.064184
v 0.034936 0.000016 0.094557
v 0.019189 -0.028657 0.101481
v 0.013227 -0.031844 0.101481
v 0.006758 -0.033806 0.101481
v 0.000030 -0.034469 0.101481
v -0.006698 -0.033807 0.101481
v -0.013167 -0.031844 0.101481
v -0.019129 -0.028657 0.101481
v -0.024355 -0.024369 0.101481
v -0.028644 -0.019143 0.101481
v -0.031831 -0.013181 0.101481
v -0.033793 -0.006711 0.101481
v -0.034456 0.000016 0.101481
v -0.033793 0.006744 0.101481
v -0.031831 0.013213 0.101481
v -0.028644 0.019175 0.101481
v -0.024355 0.024401 0.101481
v -0.019129 0.028690 0.101481
v -0.013167 0.031877 0.101481
v -0.006698 0.033839 0.101481
v 0.000030 0.034502 0.101481
v 0.000030 0.034502 0.101481
v 0.006758 0.033839 0.101481
v 0.013227 0.031877 0.101481
v 0.019189 0.028690 0.101481
v 0.024415 0.024401 0.101481
v 0.028703 0.019175 0.101481
v 0.031890 0.013213 0.101481
v 0.033853 0.006744 0.101481
v 0.033853 -0.006711 0.101481
v 0.031890 -0.013181 0.101481
v 0.028703 -0.019143 0.101481
v 0.024415 -0.024369 0.101481
v 0.025783 0.000016 0.129664
v 0.025783 0.000016 0.129664
v 0.025289 0.005041 0.129664
v 0.025289 0.005041 0.129664
v 0.023823 0.009872 0.129664
v 0.023823 0.009872 0.129664
v 0.021443 0.014324 0.129664
v 0.021443 0.014324 0.129664
v 0.018240 0.018227 0.129664
v 0.018240 0.018227 0.129664
v 0.014338 0.021430 0.129664
v 0.014338 0.021430 0.129664
v 0.009885 0.023810 0.129664
v 0.009885 0.023810 0.129664
v 0.005054 0.025275 0.129664
v 0.005054 0.025275 0.129664
v 0.000030 0.025770 0.129664
v 0.000030 0.025770 0.129664
v 0.000030 0.025770 0.129664
v 0.000030 0.025770 0.129664
v -0.004995 0.025275 0.129664
v -0.004995 0.025275 0.129664
v -0.009826 0.023810 0.129664
v -0.009826 0.023810 0.129664
v -0.014278 0.021430 0.129664
v -0.014278 0.021430 0.129664
v -0.018181 0.018227 0.129664
v -0.018181 0.018227 0.129664
v -0.021384 0.014324 0.129664
v -0.021384 0.014324 0.129664
v -0.023764 0.009872 0.129664
v -0.023764 0.009872 0.129664
v -0.025229 0.005041 0.129664
v -0.025229 0.005041 0.129664
v -0.025724 0.000016 0.129664
v -0.025724 0.000016 0.129664
v -0.025229 -0.005008 0.129664
v -0.025229 -0.005008 0.129664
v -0.023764 -0.009839 0.129664
v -0.023764 -0.009839 0.129664
v -0.021384 -0.014292 0.129664
v -0.021384 -0.014292 0.129664
v -0.018181 -0.018194 0.129664
v -0.018181 -0.018194 0.129664
v -0.014278 -0.021397 0.129664
v -0.014278 -0.021397 0.129664
v -0.009826 -0.023777 0.129664
v -0.009826 -0.023777 0.129664
v -0.004995 -0.025242 0.129664
v -0.004995 -0.025242 0.129664
v 0.000030 -0.025737 0.129664
v 0.000030 -0.025737 0.129664
v 0.005054 -0.025242 0.129664
v 0.005054 -0.025242 0.129664
v 0.009885 -0.023777 0.129664
v 0.009885 -0.023777 0.129664
v 0.014338 -0.021397 0.129664
v 0.014338 -0.021397 0.129664
v 0.018240 -0.018194 0.129664
v 0.018240 -0.018194 0.129664
v 0.021443 -0.014292 0.129664
v 0.021443 -0.014292 0.129664
v 0.023823 -0.009839 0.129664
v 0.023823 -0.009839 0.129664
v 0.025289 -0.005008 0.129664
v 0.025289 -0.005008 0.129664
v -0.018532 -0.027763 0.107893
v -0.023594 -0.023608 0.107893
v -0.027749 -0.018545 0.107893
v -0.030837 -0.012769 0.107893
v -0.032738 -0.006502 0.107893
v -0.033380 0.000016 0.107893
v -0.032738 0.006534 0.107893
v -0.030837 0.012802 0.107893
v -0.027749 0.018578 0.107893
v -0.023594 0.023640 0.107893
v -0.018532 0.027795 0.107893
v -0.012756 0.030883 0.107893
v -0.006488 0.032784 0.107893
v 0.000030 0.033426 0.107893
v 0.000030 0.033426 0.107893
v 0.006548 0.032784 0.107893
v 0.012815 0.030883 0.107893
v 0.018591 0.027795 0.107893
v 0.023654 0.023640 0.107893
v 0.027809 0.018578 0.107893
v 0.030896 0.012802 0.107893
v 0.032797 0.006534 0.107893
v 0.034515 0.000016 0.101481
v 0.032797 -0.006502 0.107893
v 0.030896 -0.012769 0.107893
v 0.027809 -0.018545 0.107893
v 0.023654 -0.023608 0.107893
v 0.018591 -0.027763 0.107893
v 0.012815 -0.030850 0.107893
v 0.006548 -0.032751 0.107893
v 0.000030 -0.033393 0.107893
v -0.006488 -0.032751 0.107893
v -0.012756 -0.030850 0.107893
v 0.025790 0.005140 0.124582
v 0.024296 0.010068 0.124582
v 0.021869 0.014609 0.124582
v 0.018602 0.018589 0.124582
v 0.014622 0.021855 0.124582
v 0.010081 0.024282 0.124582
v 0.005154 0.025777 0.124582
v 0.000030 0.026282 0.124582
v 0.000030 0.026282 0.124582
v -0.005094 0.025777 0.124582
v -0.010022 0.024282 0.124582
v -0.014562 0.021855 0.124582
v -0.018543 0.018589 0.124582
v -0.021809 0.014609 0.124582
v -0.024236 0.010068 0.124582
v -0.025731 0.005140 0.124582
v -0.026236 0.000016 0.124582
v -0.025731 -0.005108 0.124582
v -0.024236 -0.010035 0.124582
v -0.021809 -0.014576 0.124582
v -0.018543 -0.018556 0.124582
v -0.014562 -0.021822 0.124582
v -0.010022 -0.024250 0.124582
v -0.005094 -0.025744 0.124582
v 0.000030 -0.026249 0.124582
v 0.005154 -0.025744 0.124582
v 0.010081 -0.024250 0.124582
v 0.014622 -0.021822 0.124582
v 0.018602 -0.018556 0.124582
v 0.021869 -0.014576 0.124582
v 0.024296 -0.010035 0.124582
v 0.030598 -0.006064 0.113906
v 0.033439 0.000016 0.107893
v 0.000030 -0.031150 0.113906
v 0.006110 -0.030551 0.113906
v 0.011957 -0.028778 0.113906
v 0.017345 -0.025898 0.113906
v 0.022068 -0.022022 0.113906
v 0.025944 -0.017299 0.113906
v 0.028824 -0.011911 0.113906
v 0.027797 -0.005507 0.119387
v 0.031196 0.000016 0.113906
v 0.030598 0.006097 0.113906
v 0.028824 0.011943 0.113906
v 0.025944 0.017332 0.113906
v 0.022068 0.022054 0.113906
v 0.017345 0.025930 0.113906
v 0.011957 0.028811 0.113906
v 0.006110 0.030584 0.113906
v 0.000030 0.031183 0.113906
v 0.000030 0.031183 0.113906
v -0.006051 0.030584 0.113906
v -0.011897 0.028811 0.113906
v -0.017286 0.025930 0.113906
v -0.022008 0.022054 0.113906
v -0.025884 0.017332 0.113906
v -0.028764 0.011943 0.113906
v -0.030538 0.006097 0.113906
v -0.031137 0.000016 0.113906
v -0.030538 -0.006064 0.113906
v -0.028764 -0.011911 0.113906
v -0.025884 -0.017299 0.113906
v -0.022008 -0.022022 0.113906
v -0.017285 -0.025898 0.113906
v -0.011897 -0.028778 0.113906
v -0.006051 -0.030551 0.113906
v 0.028341 0.000016 0.119387
v 0.027797 0.005540 0.119387
v 0.026186 0.010851 0.119387
v 0.023570 0.015745 0.119387
v 0.020049 0.020035 0.119387
v 0.015759 0.023556 0.119387
v 0.010864 0.026173 0.119387
v 0.005553 0.027784 0.119387
v 0.000030 0.028328 0.119387
v 0.000030 0.028328 0.119387
v -0.005494 0.027784 0.119387
v -0.010805 0.026173 0.119387
v -0.015699 0.023556 0.119387
v -0.019989 0.020035 0.119387
v -0.023510 0.015745 0.119387
v -0.026126 0.010851 0.119387
v -0.027738 0.005540 0.119387
v -0.028282 0.000016 0.119387
v -0.027738 -0.005507 0.119387
v -0.026126 -0.010818 0.119387
v -0.023510 -0.015713 0.119387
v -0.019989 -0.020003 0.119387
v -0.015699 -0.023524 0.119387
v -0.010804 -0.026140 0.119387
v -0.005493 -0.027751 0.119387
v 0.000030 -0.028295 0.119387
v 0.005553 -0.027751 0.119387
v 0.010864 -0.026140 0.119387
v 0.015759 -0.023524 0.119387
v 0.020049 -0.020003 0.119387
v 0.023570 -0.015713 0.119387
v 0.026186 -0.010818 0.119387
v 0.025790 -0.005108 0.124582
v 0.032279 -0.013342 0.094557
v 0.029053 -0.019376 0.094557
v 0.024712 -0.024666 0.094557
v 0.019422 -0.029007 0.094557
v 0.013388 -0.032233 0.094557
v 0.006840 -0.034219 0.094557
v 0.000030 -0.034890 0.094557
v -0.006780 -0.034219 0.094557
v -0.013328 -0.032233 0.094557
v -0.019363 -0.029007 0.094557
v -0.024652 -0.024666 0.094557
v -0.028993 -0.019376 0.094557
v -0.032219 -0.013342 0.094557
v -0.034205 -0.006793 0.094557
v -0.034876 0.000016 0.094557
v -0.034205 0.006826 0.094557
v -0.032219 0.013374 0.094557
v -0.028993 0.019409 0.094557
v -0.024652 0.024699 0.094557
v -0.019363 0.029040 0.094557
v -0.013328 0.032265 0.094557
v -0.006780 0.034252 0.094557
v 0.000030 0.034922 0.094557
v 0.000030 0.034922 0.094557
v 0.006840 0.034252 0.094557
v 0.013388 0.032265 0.094557
v 0.019422 0.029040 0.094557
v 0.024712 0.024699 0.094557
v 0.029053 0.019409 0.094557
v 0.032279 0.013374 0.094557
v 0.034265 0.006826 0.094557
v 0.035304 0.000016 0.087137
v 0.034265 -0.006793 0.094557
v 0.035120 0.000016 0.090847
v 0.034446 0.006862 0.090847
v 0.032449 0.013445 0.090847
v 0.029206 0.019511 0.090847
v 0.024842 0.024829 0.090847
v 0.019525 0.029193 0.090847
v 0.013458 0.032435 0.090847
v 0.006875 0.034432 0.090847
v 0.000030 0.035106 0.090847
v 0.000030 0.035106 0.090847
v -0.006816 0.034432 0.090847
v -0.013399 0.032435 0.090847
v -0.019465 0.029193 0.090847
v -0.024783 0.024829 0.090847
v -0.029147 0.019511 0.090847
v -0.032389 0.013445 0.090847
v -0.034386 0.006862 0.090847
v -0.035060 0.000016 0.090847
v -0.034386 -0.006829 0.090847
v -0.032389 -0.013412 0.090847
v -0.029147 -0.019479 0.090847
v -0.024783 -0.024796 0.090847
v -0.019465 -0.029160 0.090847
v -0.013399 -0.032403 0.090847
v -0.006816 -0.034399 0.090847
v 0.000030 -0.035074 0.090847
v 0.006876 -0.034399 0.090847
v 0.013458 -0.032403 0.090847
v 0.019525 -0.029160 0.090847
v 0.024842 -0.024796 0.090847
v 0.029206 -0.019479 0.090847
v 0.032449 -0.013412 0.090847
v 0.034446 -0.006829 0.090847
v -0.023871 0.023917 0.083604
v -0.028074 0.018795 0.083604
v -0.031198 0.012951 0.083604
v -0.033121 0.006610 0.083604
v -0.033770 0.000016 0.083604
v -0.033121 -0.006578 0.083604
v -0.031198 -0.012918 0.083604
v -0.028074 -0.018762 0.083604
v -0.023871 -0.023884 0.083604
v -0.018749 -0.028088 0.083604
v -0.012905 -0.031211 0.083604
v -0.006564 -0.033134 0.083604
v 0.000030 -0.033784 0.083604
v 0.006624 -0.033134 0.083604
v 0.012965 -0.031211 0.083604
v 0.018808 -0.028087 0.083604
v 0.023930 -0.023884 0.083604
v 0.000030 0.031863 0.077950
v 0.000030 0.031863 0.077950
v -0.006183 0.031251 0.077950
v -0.012157 0.029439 0.077950
v -0.017663 0.026496 0.077950
v -0.022489 0.022535 0.077950
v -0.026450 0.017709 0.077950
v -0.029393 0.012203 0.077950
v -0.031205 0.006229 0.077950
v -0.031817 0.000016 0.077950
v -0.031205 -0.006197 0.077950
v -0.029392 -0.012171 0.077950
v -0.026450 -0.017677 0.077950
v -0.022489 -0.022502 0.077950
v -0.017663 -0.026463 0.077950
v -0.012157 -0.029406 0.077950
v -0.006183 -0.031218 0.077950
v 0.000030 -0.031830 0.077950
v 0.006243 -0.031218 0.077950
v 0.012217 -0.029406 0.077950
v 0.017723 -0.026463 0.077950
v 0.022549 -0.022502 0.077950
v 0.026509 -0.017677 0.077950
v 0.029452 -0.012171 0.077950
v 0.031264 -0.006197 0.077950
v 0.031876 0.000016 0.077950
v 0.031264 0.006229 0.077950
v 0.029452 0.012203 0.077950
v 0.026509 0.017709 0.077950
v 0.022549 0.022535 0.077950
v 0.017723 0.026496 0.077950
v 0.012217 0.029439 0.077950
v 0.006243 0.031251 0.077950
v 0.000030 0.028755 0.072369
v 0.000030 0.028755 0.072369
v -0.005577 0.028202 0.072369
v -0.010968 0.026567 0.072369
v -0.015936 0.023911 0.072369
v -0.020291 0.020337 0.072369
v -0.023865 0.015982 0.072369
v -0.026521 0.011014 0.072369
v -0.028156 0.005623 0.072369
v -0.028708 0.000016 0.072369
v -0.028156 -0.005590 0.072369
v -0.026521 -0.010981 0.072369
v -0.023865 -0.015950 0.072369
v -0.020291 -0.020305 0.072369
v -0.015936 -0.023879 0.072369
v -0.010968 -0.026534 0.072369
v -0.005577 -0.028170 0.072369
v 0.000030 -0.028722 0.072369
v 0.005636 -0.028170 0.072369
v 0.011027 -0.026534 0.072369
v 0.015996 -0.023879 0.072369
v 0.020351 -0.020305 0.072369
v 0.023925 -0.015950 0.072369
v 0.026580 -0.010981 0.072369
v 0.028216 -0.005590 0.072369
v 0.028768 0.000016 0.072369
v 0.028216 0.005623 0.072369
v 0.026580 0.011014 0.072369
v 0.023925 0.015982 0.072369
v 0.020351 0.020337 0.072369
v 0.015996 0.023911 0.072369
v 0.011027 0.026567 0.072369
v 0.005636 0.028202 0.072369
v 0.000030 0.024829 0.067343
v 0.000030 0.024829 0.067343
v -0.004811 0.024352 0.067343
v -0.009466 0.022940 0.067343
v -0.013755 0.020647 0.067343
v -0.017515 0.017561 0.067343
v -0.020601 0.013801 0.067343
v -0.022894 0.009512 0.067343
v -0.024306 0.004857 0.067343
v -0.024783 0.000016 0.067343
v -0.024306 -0.004824 0.067343
v -0.022894 -0.009479 0.067343
v -0.020601 -0.013769 0.067343
v -0.017515 -0.017529 0.067343
v -0.013755 -0.020614 0.067343
v -0.009466 -0.022907 0.067343
v -0.004811 -0.024319 0.067343
v 0.000030 -0.024796 0.067343
v 0.004870 -0.024319 0.067343
v 0.009525 -0.022907 0.067343
v 0.013815 -0.020614 0.067343
v 0.017575 -0.017529 0.067343
v 0.020661 -0.013769 0.067343
v 0.022953 -0.009479 0.067343
v 0.024365 -0.004824 0.067343
v 0.024842 0.000016 0.067343
v 0.024365 0.004857 0.067343
v 0.022953 0.009512 0.067343
v 0.020661 0.013801 0.067343
v 0.017575 0.017561 0.067343
v 0.013815 0.020647 0.067343
v 0.009525 0.022940 0.067343
v 0.004870 0.024352 0.067343
v 0.033830 0.000016 0.083604
v 0.033180 0.006610 0.083604
v 0.031257 0.012951 0.083604
v 0.028134 0.018795 0.083604
v 0.023930 0.023917 0.083604
v 0.018808 0.028120 0.083604
v 0.012964 0.031244 0.083604
v 0.006624 0.033167 0.083604
v 0.000030 0.033817 0.083604
v 0.000030 0.033817 0.083604
v -0.006564 0.033167 0.083604
v -0.012905 0.031244 0.083604
v -0.018749 0.028120 0.083604
v 0.028134 -0.018762 0.083604
v 0.031257 -0.012918 0.083604
v 0.033180 -0.006578 0.083604
v 0.024640 0.000016 0.127086
v 0.024167 -0.004785 0.127086
v 0.000030 0.023650 0.061527
v 0.000030 0.023650 0.061527
v 0.000030 0.023650 0.061527
v 0.000030 0.023650 0.061527
v -0.004581 0.023195 0.061527
v -0.004581 0.023195 0.061527
v -0.009014 0.021851 0.061527
v -0.009014 0.021851 0.061527
v -0.013100 0.019667 0.061527
v -0.013100 0.019667 0.061527
v -0.016681 0.016728 0.061527
v -0.016681 0.016728 0.061527
v -0.019621 0.013146 0.061527
v -0.019621 0.013146 0.061527
v -0.021805 0.009060 0.061527
v -0.021805 0.009060 0.061527
v -0.023149 0.004627 0.061527
v -0.023149 0.004627 0.061527
v -0.023603 0.000016 0.061527
v -0.023603 0.000016 0.061527
v -0.023149 -0.004594 0.061527
v -0.023149 -0.004594 0.061527
v -0.021805 -0.009028 0.061527
v -0.021805 -0.009028 0.061527
v -0.019621 -0.013114 0.061527
v -0.019621 -0.013114 0.061527
v -0.016681 -0.016695 0.061527
v -0.016681 -0.016695 0.061527
v -0.013100 -0.019634 0.061527
v -0.013100 -0.019634 0.061527
v -0.009014 -0.021818 0.061527
v -0.009014 -0.021818 0.061527
v -0.004581 -0.023163 0.061527
v -0.004581 -0.023163 0.061527
v 0.000030 -0.023617 0.061527
v 0.000030 -0.023617 0.061527
v 0.004640 -0.023163 0.061527
v 0.004640 -0.023163 0.061527
v 0.009074 -0.021818 0.061527
v 0.009074 -0.021818 0.061527
v 0.013160 -0.019634 0.061527
v 0.013160 -0.019634 0.061527
v 0.016741 -0.016695 0.061527
v 0.016741 -0.016695 0.061527
v 0.019680 -0.013114 0.061527
v 0.019680 -0.013114 0.061527
v 0.021864 -0.009028 0.061527
v 0.021864 -0.009028 0.061527
v 0.023209 -0.004594 0.061527
v 0.023209 -0.004594 0.061527
v 0.023663 0.000016 0.061527
v 0.023663 0.000016 0.061527
v 0.023209 0.004627 0.061527
v 0.023209 0.004627 0.061527
v 0.021864 0.009060 0.061527
v 0.021864 0.009060 0.061527
v 0.019680 0.013146 0.061527
v 0.019680 0.013146 0.061527
v 0.016741 0.016728 0.061527
v 0.016741 0.016728 0.061527
v 0.013160 0.019667 0.061527
v 0.013160 0.019667 0.061527
v 0.009074 0.021851 0.061527
v 0.009074 0.021851 0.061527
v 0.004640 0.023195 0.061527
v 0.004640 0.023195 0.061527
v 0.018600 -0.027776 0.098106
v 0.012821 -0.030864 0.098106
v 0.006551 -0.032767 0.098106
v 0.000030 -0.033409 0.098106
v -0.006491 -0.032767 0.098106
v -0.012761 -0.030865 0.098106
v -0.018540 -0.027776 0.098106
v -0.023605 -0.023619 0.098106
v -0.027762 -0.018554 0.098106
v -0.030851 -0.012775 0.098106
v -0.032753 -0.006505 0.098106
v -0.033395 0.000016 0.098106
v -0.032753 0.006537 0.098106
v -0.030851 0.012808 0.098106
v -0.027762 0.018586 0.098106
v -0.023605 0.023651 0.098106
v -0.018540 0.027808 0.098106
v -0.012762 0.030897 0.098106
v -0.006491 0.032799 0.098106
v 0.000030 0.033441 0.098106
v 0.000030 0.033441 0.098106
v 0.006551 0.032799 0.098106
v 0.012821 0.030897 0.098106
v 0.018600 0.027808 0.098106
v 0.023665 0.023651 0.098106
v 0.027822 0.018586 0.098106
v 0.030911 0.012808 0.098106
v 0.032813 0.006537 0.098106
v 0.033455 0.000016 0.098106
v 0.032813 -0.006505 0.098106
v 0.030911 -0.012775 0.098106
v 0.027822 -0.018554 0.098106
v 0.023665 -0.023619 0.098106
v -0.018205 -0.027274 0.104537
v -0.023179 -0.023192 0.104537
v -0.027261 -0.018219 0.104537
v -0.030294 -0.012544 0.104537
v -0.032162 -0.006387 0.104537
v -0.032792 0.000016 0.104537
v -0.032162 0.006420 0.104537
v -0.030294 0.012577 0.104537
v -0.027261 0.018251 0.104537
v -0.023179 0.023225 0.104537
v -0.018205 0.027307 0.104537
v -0.012531 0.030340 0.104537
v -0.006374 0.032208 0.104537
v 0.000030 0.032838 0.104537
v 0.000030 0.032838 0.104537
v 0.006433 0.032208 0.104537
v 0.012590 0.030340 0.104537
v 0.018265 0.027307 0.104537
v 0.023238 0.023225 0.104537
v 0.027320 0.018251 0.104537
v 0.030353 0.012577 0.104537
v 0.032221 0.006420 0.104537
v 0.032852 0.000016 0.104537
v 0.032221 -0.006387 0.104537
v 0.030353 -0.012544 0.104537
v 0.027320 -0.018219 0.104537
v 0.023238 -0.023192 0.104537
v 0.018265 -0.027274 0.104537
v 0.012590 -0.030307 0.104537
v 0.006433 -0.032175 0.104537
v 0.000030 -0.032806 0.104537
v -0.006373 -0.032175 0.104537
v -0.012531 -0.030307 0.104537
v 0.024167 0.004818 0.127086
v 0.022766 0.009434 0.127086
v 0.020492 0.013689 0.127086
v 0.017432 0.017418 0.127086
v 0.013702 0.020479 0.127086
v 0.009448 0.022753 0.127086
v 0.004831 0.024153 0.127086
v 0.000030 0.024626 0.127086
v 0.000030 0.024626 0.127086
v -0.004771 0.024153 0.127086
v -0.009388 0.022753 0.127086
v -0.013643 0.020479 0.127086
v -0.017372 0.017418 0.127086
v -0.020433 0.013689 0.127086
v -0.022707 0.009434 0.127086
v -0.024107 0.004817 0.127086
v -0.024580 0.000016 0.127086
v -0.024107 -0.004785 0.127086
v -0.022707 -0.009402 0.127086
v -0.020433 -0.013656 0.127086
v -0.017372 -0.017386 0.127086
v -0.013643 -0.020446 0.127086
v -0.009388 -0.022720 0.127086
v -0.004771 -0.024121 0.127086
v 0.000030 -0.024594 0.127086
v 0.004831 -0.024121 0.127086
v 0.009448 -0.022720 0.127086
v 0.013702 -0.020446 0.127086
v 0.017432 -0.017386 0.127086
v 0.020492 -0.013656 0.127086
v 0.022766 -0.009401 0.127086
v 0.017379 -0.025949 0.110511
v 0.011980 -0.028835 0.110511
v 0.006122 -0.030612 0.110511
v 0.000030 -0.031212 0.110511
v -0.006063 -0.030612 0.110511
v -0.011921 -0.028835 0.110511
v -0.017320 -0.025949 0.110511
v -0.022052 -0.022065 0.110511
v -0.025935 -0.017333 0.110511
v -0.028821 -0.011934 0.110511
v -0.030598 -0.006076 0.110511
v -0.031198 0.000016 0.110511
v -0.030598 0.006109 0.110511
v -0.028821 0.011967 0.110511
v -0.025935 0.017366 0.110511
v -0.022052 0.022098 0.110511
v -0.017320 0.025981 0.110511
v -0.011921 0.028867 0.110511
v -0.006063 0.030644 0.110511
v 0.000030 0.031244 0.110511
v 0.000030 0.031244 0.110511
v 0.006122 0.030644 0.110511
v 0.011980 0.028867 0.110511
v 0.017379 0.025981 0.110511
v 0.022111 0.022098 0.110511
v 0.025995 0.017366 0.110511
v 0.028881 0.011967 0.110511
v 0.030658 0.006109 0.110511
v 0.031258 0.000016 0.110511
v 0.030658 -0.006076 0.110511
v 0.028881 -0.011934 0.110511
v 0.025995 -0.017333 0.110511
v 0.022111 -0.022065 0.110511
v 0.000030 -0.028595 0.116210
v 0.005612 -0.028045 0.116210
v 0.010979 -0.026417 0.116210
v 0.015925 -0.023773 0.116210
v 0.020261 -0.020215 0.116210
v 0.023819 -0.015879 0.116210
v 0.026463 -0.010933 0.116210
v 0.028091 -0.005565 0.116210
v 0.028641 0.000016 0.116210
v 0.028091 0.005598 0.116210
v 0.026463 0.010965 0.116210
v 0.023819 0.015912 0.116210
v 0.020261 0.020247 0.116210
v 0.015925 0.023806 0.116210
v 0.010979 0.026450 0.116210
v 0.005612 0.028078 0.116210
v 0.000030 0.028628 0.116210
v 0.000030 0.028628 0.116210
v -0.005552 0.028078 0.116210
v -0.010919 0.026450 0.116210
v -0.015866 0.023806 0.116210
v -0.020201 0.020247 0.116210
v -0.023760 0.015912 0.116210
v -0.026404 0.010965 0.116210
v -0.028032 0.005598 0.116210
v -0.028581 0.000016 0.116210
v -0.028032 -0.005565 0.116210
v -0.026404 -0.010933 0.116210
v -0.023760 -0.015879 0.116210
v -0.020201 -0.020215 0.116210
v -0.015866 -0.023773 0.116210
v -0.010919 -0.026417 0.116210
v -0.005552 -0.028045 0.116210
v 0.025958 0.000016 0.121593
v 0.025459 0.005075 0.121593
v 0.023984 0.009938 0.121593
v 0.021588 0.014421 0.121593
v 0.018363 0.018350 0.121593
v 0.014434 0.021575 0.121593
v 0.009952 0.023971 0.121593
v 0.005088 0.025446 0.121593
v 0.000030 0.025944 0.121593
v 0.000030 0.025944 0.121593
v -0.005029 0.025446 0.121593
v -0.009892 0.023971 0.121593
v -0.014375 0.021575 0.121593
v -0.018304 0.018350 0.121593
v -0.021528 0.014421 0.121593
v -0.023924 0.009938 0.121593
v -0.025400 0.005075 0.121593
v -0.025898 0.000016 0.121593
v -0.025400 -0.005042 0.121593
v -0.023924 -0.009906 0.121593
v -0.021528 -0.014388 0.121593
v -0.018304 -0.018317 0.121593
v -0.014375 -0.021542 0.121593
v -0.009892 -0.023938 0.121593
v -0.005029 -0.025413 0.121593
v 0.000030 -0.025912 0.121593
v 0.005088 -0.025413 0.121593
v 0.009952 -0.023938 0.121593
v 0.014435 -0.021542 0.121593
v 0.018364 -0.018317 0.121593
v 0.021588 -0.014388 0.121593
v 0.023984 -0.009906 0.121593
v 0.025459 -0.005042 0.121593
v 0.000030 0.033113 0.080754
v 0.000030 0.033113 0.080754
v -0.006427 0.032477 0.080754
v -0.012636 0.030594 0.080754
v -0.018358 0.027535 0.080754
v -0.023373 0.023419 0.080754
v -0.027489 0.018404 0.080754
v -0.030548 0.012682 0.080754
v -0.032431 0.006473 0.080754
v -0.033067 0.000016 0.080754
v -0.032431 -0.006441 0.080754
v -0.030548 -0.012649 0.080754
v -0.027489 -0.018371 0.080754
v -0.023373 -0.023387 0.080754
v -0.018358 -0.027503 0.080754
v -0.012636 -0.030561 0.080754
v -0.006427 -0.032444 0.080754
v 0.000030 -0.033080 0.080754
v 0.006487 -0.032444 0.080754
v 0.012695 -0.030561 0.080754
v 0.018417 -0.027503 0.080754
v 0.023433 -0.023387 0.080754
v 0.027549 -0.018371 0.080754
v 0.030607 -0.012649 0.080754
v 0.032491 -0.006440 0.080754
v 0.033127 0.000016 0.080754
v 0.032491 0.006473 0.080754
v 0.030607 0.012682 0.080754
v 0.027549 0.018404 0.080754
v 0.023433 0.023419 0.080754
v 0.018417 0.027535 0.080754
v 0.012695 0.030594 0.080754
v 0.006487 0.032477 0.080754
v 0.000030 0.030457 0.075040
v 0.000030 0.030457 0.075040
v -0.005909 0.029872 0.075040
v -0.011619 0.028140 0.075040
v -0.016882 0.025327 0.075040
v -0.021495 0.021541 0.075040
v -0.025281 0.016928 0.075040
v -0.028094 0.011666 0.075040
v -0.029826 0.005955 0.075040
v -0.030411 0.000016 0.075040
v -0.029826 -0.005922 0.075040
v -0.028094 -0.011633 0.075040
v -0.025281 -0.016896 0.075040
v -0.021495 -0.021509 0.075040
v -0.016882 -0.025294 0.075040
v -0.011619 -0.028107 0.075040
v -0.005909 -0.029840 0.075040
v 0.000030 -0.030424 0.075040
v 0.005968 -0.029839 0.075040
v 0.011679 -0.028107 0.075040
v 0.016942 -0.025294 0.075040
v 0.021555 -0.021508 0.075040
v 0.025340 -0.016896 0.075040
v 0.028153 -0.011633 0.075040
v 0.029886 -0.005922 0.075040
v 0.030470 0.000016 0.075040
v 0.029886 0.005955 0.075040
v 0.028153 0.011666 0.075040
v 0.025340 0.016928 0.075040
v 0.021555 0.021541 0.075040
v 0.016942 0.025327 0.075040
v 0.011679 0.028140 0.075040
v 0.005968 0.029872 0.075040
v 0.000030 0.026716 0.070042
v 0.000030 0.026716 0.070042
v -0.005179 0.026203 0.070042
v -0.010188 0.024684 0.070042
v -0.014804 0.022217 0.070042
v -0.018850 0.018896 0.070042
v -0.022171 0.014850 0.070042
v -0.024638 0.010234 0.070042
v -0.026157 0.005225 0.070042
v -0.026670 0.000016 0.070042
v -0.026157 -0.005193 0.070042
v -0.024638 -0.010201 0.070042
v -0.022171 -0.014817 0.070042
v -0.018850 -0.018864 0.070042
v -0.014804 -0.022184 0.070042
v -0.010188 -0.024651 0.070042
v -0.005179 -0.026171 0.070042
v 0.000030 -0.026684 0.070042
v 0.005239 -0.026171 0.070042
v 0.010247 -0.024651 0.070042
v 0.014864 -0.022184 0.070042
v 0.018910 -0.018863 0.070042
v 0.022230 -0.014817 0.070042
v 0.024697 -0.010201 0.070042
v 0.026217 -0.005193 0.070042
v 0.026730 0.000016 0.070042
v 0.026217 0.005225 0.070042
v 0.024697 0.010234 0.070042
v 0.022230 0.014850 0.070042
v 0.018910 0.018896 0.070042
v 0.014863 0.022217 0.070042
v 0.010247 0.024684 0.070042
v 0.005239 0.026203 0.070042
v 0.033400 0.006654 0.087146
v 0.025079 0.000016 0.124289
v 0.031464 0.013037 0.087146
v 0.028319 0.018919 0.087146
v 0.024088 0.024075 0.087146
v 0.018932 0.028306 0.087146
v 0.013050 0.031450 0.087146
v 0.006667 0.033386 0.087146
v 0.000030 0.034040 0.087146
v 0.000030 0.034040 0.087146
v -0.006608 0.033386 0.087146
v -0.012991 0.031450 0.087146
v -0.018873 0.028306 0.087146
v -0.024029 0.024075 0.087146
v -0.028260 0.018919 0.087146
v -0.031404 0.013037 0.087146
v -0.033340 0.006654 0.087146
v -0.033994 0.000016 0.087146
v -0.033340 -0.006621 0.087146
v -0.031404 -0.013004 0.087146
v -0.028260 -0.018886 0.087146
v -0.024029 -0.024042 0.087146
v -0.018873 -0.028273 0.087146
v -0.012991 -0.031417 0.087146
v -0.006608 -0.033354 0.087146
v 0.000030 -0.034007 0.087146
v 0.006667 -0.033354 0.087146
v 0.013050 -0.031417 0.087146
v 0.018932 -0.028273 0.087146
v 0.024088 -0.024042 0.087146
v 0.028319 -0.018886 0.087146
v 0.031464 -0.013004 0.087146
v 0.033400 -0.006621 0.087146
v 0.000030 0.023989 0.064427
v 0.000030 0.023989 0.064427
v -0.004647 0.023528 0.064427
v -0.009144 0.022164 0.064427
v -0.013289 0.019949 0.064428
v -0.016922 0.016968 0.064428
v -0.019903 0.013335 0.064428
v -0.022118 0.009190 0.064428
v -0.023482 0.004693 0.064428
v -0.023943 0.000016 0.064428
v -0.023482 -0.004661 0.064428
v -0.022118 -0.009158 0.064428
v -0.019903 -0.013302 0.064428
v -0.016922 -0.016935 0.064427
v -0.013289 -0.019916 0.064427
v -0.009144 -0.022132 0.064428
v -0.004647 -0.023496 0.064428
v 0.000030 -0.023956 0.064428
v 0.004707 -0.023496 0.064428
v 0.009204 -0.022132 0.064428
v 0.013348 -0.019916 0.064427
v 0.016981 -0.016935 0.064427
v 0.019962 -0.013302 0.064427
v 0.022178 -0.009158 0.064427
v 0.023542 -0.004660 0.064427
v 0.024003 0.000016 0.064427
v 0.023542 0.004693 0.064427
v 0.022178 0.009190 0.064427
v 0.019962 0.013335 0.064427
v 0.016981 0.016968 0.064428
v 0.013348 0.019949 0.064428
v 0.009204 0.022164 0.064427
v 0.004707 0.023529 0.064427
v 0.033687 0.000016 0.094486
v 0.018497 -0.027622 0.101364
v 0.012750 -0.030694 0.101364
v 0.006515 -0.032585 0.101364
v 0.000030 -0.033224 0.101364
v -0.006455 -0.032585 0.101364
v -0.012691 -0.030694 0.101364
v -0.018438 -0.027622 0.101364
v -0.023475 -0.023488 0.101364
v -0.027609 -0.018451 0.101364
v -0.030680 -0.012704 0.101364
v -0.032572 -0.006469 0.101364
v -0.033211 0.000016 0.101364
v -0.032572 0.006501 0.101364
v -0.030680 0.012737 0.101364
v -0.027609 0.018484 0.101364
v -0.023475 0.023521 0.101364
v -0.018438 0.027655 0.101364
v -0.012691 0.030727 0.101364
v -0.006455 0.032618 0.101364
v 0.000030 0.033257 0.101364
v 0.000030 0.033257 0.101364
v 0.006515 0.032618 0.101364
v 0.012750 0.030727 0.101364
v 0.018497 0.027655 0.101364
v 0.023534 0.023521 0.101364
v 0.027668 0.018484 0.101364
v 0.030740 0.012737 0.101364
v 0.032632 0.006501 0.101364
v 0.032632 -0.006469 0.101364
v 0.030740 -0.012704 0.101364
v 0.027668 -0.018451 0.101364
v 0.023534 -0.023488 0.101364
v 0.024534 0.000016 0.129613
v 0.024534 0.000016 0.129613
v 0.024063 0.004797 0.129613
v 0.024063 0.004797 0.129613
v 0.022669 0.009394 0.129613
v 0.022669 0.009394 0.129613
v 0.020404 0.013630 0.129613
v 0.020404 0.013630 0.129613
v 0.017357 0.017343 0.129613
v 0.017357 0.017343 0.129613
v 0.013644 0.020391 0.129613
v 0.013644 0.020391 0.129613
v 0.009407 0.022655 0.129613
v 0.009407 0.022655 0.129613
v 0.004810 0.024050 0.129613
v 0.004810 0.024050 0.129613
v 0.000030 0.024521 0.129613
v 0.000030 0.024521 0.129613
v 0.000030 0.024521 0.129613
v 0.000030 0.024521 0.129613
v -0.004751 0.024050 0.129613
v -0.004751 0.024050 0.129613
v -0.009348 0.022655 0.129613
v -0.009348 0.022655 0.129613
v -0.013584 0.020391 0.129613
v -0.013584 0.020391 0.129613
v -0.017297 0.017343 0.129613
v -0.017297 0.017343 0.129613
v -0.020345 0.013630 0.129613
v -0.020345 0.013630 0.129613
v -0.022609 0.009394 0.129613
v -0.022609 0.009394 0.129613
v -0.024004 0.004797 0.129613
v -0.024004 0.004797 0.129613
v -0.024474 0.000016 0.129613
v -0.024474 0.000016 0.129613
v -0.024004 -0.004764 0.129613
v -0.024004 -0.004764 0.129613
v -0.022609 -0.009361 0.129613
v -0.022609 -0.009361 0.129613
v -0.020345 -0.013597 0.129613
v -0.020345 -0.013597 0.129613
v -0.017297 -0.017311 0.129613
v -0.017297 -0.017311 0.129613
v -0.013584 -0.020358 0.129613
v -0.013584 -0.020358 0.129613
v -0.009348 -0.022623 0.129613
v -0.009348 -0.022623 0.129613
v -0.004751 -0.024017 0.129613
v -0.004751 -0.024017 0.129613
v 0.000030 -0.024488 0.129613
v 0.000030 -0.024488 0.129613
v 0.004810 -0.024017 0.129613
v 0.004810 -0.024017 0.129613
v 0.009407 -0.022623 0.129613
v 0.009407 -0.022623 0.129613
v 0.013644 -0.020358 0.129613
v 0.013644 -0.020358 0.129613
v 0.017357 -0.017311 0.129613
v 0.017357 -0.017311 0.129613
v 0.020404 -0.013597 0.129613
v 0.020404 -0.013597 0.129613
v 0.022669 -0.009361 0.129613
v 0.022669 -0.009361 0.129613
v 0.024063 -0.004764 0.129613
v 0.024063 -0.004764 0.129613
v -0.017860 -0.026758 0.107571
v -0.022740 -0.022753 0.107571
v -0.026744 -0.017874 0.107571
v -0.029720 -0.012307 0.107571
v -0.031553 -0.006266 0.107571
v -0.032171 0.000016 0.107571
v -0.031553 0.006298 0.107571
v -0.029720 0.012339 0.107571
v -0.026744 0.017906 0.107571
v -0.022740 0.022786 0.107571
v -0.017860 0.026791 0.107571
v -0.012293 0.029766 0.107571
v -0.006252 0.031599 0.107571
v 0.000030 0.032217 0.107571
v 0.000030 0.032217 0.107571
v 0.006312 0.031599 0.107571
v 0.012353 0.029766 0.107571
v 0.017920 0.026791 0.107571
v 0.022799 0.022786 0.107571
v 0.026804 0.017906 0.107571
v 0.029780 0.012339 0.107571
v 0.031612 0.006298 0.107571
v 0.033270 0.000016 0.101364
v 0.031612 -0.006266 0.107571
v 0.029780 -0.012306 0.107571
v 0.026804 -0.017874 0.107571
v 0.022799 -0.022753 0.107571
v 0.017920 -0.026758 0.107571
v 0.012353 -0.029734 0.107571
v 0.006312 -0.031566 0.107571
v 0.000030 -0.032185 0.107571
v -0.006252 -0.031566 0.107571
v -0.012293 -0.029734 0.107571
v 0.024598 0.004903 0.124289
v 0.023173 0.009602 0.124289
v 0.020858 0.013933 0.124289
v 0.017742 0.017729 0.124289
v 0.013947 0.020844 0.124289
v 0.009616 0.023159 0.124289
v 0.004917 0.024585 0.124289
v 0.000030 0.025066 0.124289
v 0.000030 0.025066 0.124289
v -0.004857 0.024585 0.124289
v -0.009556 0.023159 0.124289
v -0.013887 0.020844 0.124289
v -0.017683 0.017729 0.124289
v -0.020798 0.013933 0.124289
v -0.023113 0.009602 0.124289
v -0.024539 0.004903 0.124289
v -0.025020 0.000016 0.124289
v -0.024539 -0.004871 0.124289
v -0.023113 -0.009570 0.124289
v -0.020798 -0.013900 0.124289
v -0.017683 -0.017696 0.124289
v -0.013887 -0.020812 0.124289
v -0.009556 -0.023126 0.124289
v -0.004857 -0.024552 0.124289
v 0.000030 -0.025033 0.124289
v 0.004917 -0.024552 0.124289
v 0.009616 -0.023126 0.124289
v 0.013947 -0.020812 0.124289
v 0.017742 -0.017696 0.124289
v 0.020858 -0.013900 0.124289
v 0.023173 -0.009570 0.124289
v 0.029482 -0.005842 0.113386
v 0.032231 0.000016 0.107571
v 0.000030 -0.030013 0.113386
v 0.005888 -0.029436 0.113386
v 0.011522 -0.027727 0.113386
v 0.016713 -0.024952 0.113386
v 0.021264 -0.021218 0.113386
v 0.024998 -0.016667 0.113386
v 0.027773 -0.011475 0.113386
v 0.026700 -0.005289 0.118827
v 0.030059 0.000016 0.113386
v 0.029482 0.005875 0.113386
v 0.027773 0.011508 0.113386
v 0.024998 0.016700 0.113386
v 0.021264 0.021250 0.113386
v 0.016713 0.024985 0.113386
v 0.011522 0.027760 0.113386
v 0.005888 0.029469 0.113386
v 0.000030 0.030046 0.113386
v 0.000030 0.030046 0.113386
v -0.005829 0.029469 0.113386
v -0.011462 0.027760 0.113386
v -0.016654 0.024985 0.113386
v -0.021204 0.021250 0.113386
v -0.024939 0.016700 0.113386
v -0.027714 0.011508 0.113386
v -0.029423 0.005875 0.113386
v -0.030000 0.000016 0.113386
v -0.029423 -0.005842 0.113386
v -0.027714 -0.011475 0.113386
v -0.024939 -0.016667 0.113386
v -0.021204 -0.021218 0.113386
v -0.016654 -0.024952 0.113386
v -0.011462 -0.027727 0.113386
v -0.005829 -0.029436 0.113386
v 0.027223 0.000016 0.118827
v 0.026700 0.005321 0.118827
v 0.025153 0.010423 0.118827
v 0.022640 0.015124 0.118827
v 0.019258 0.019245 0.118827
v 0.015137 0.022626 0.118827
v 0.010436 0.025139 0.118827
v 0.005335 0.026687 0.118827
v 0.000030 0.027209 0.118827
v 0.000030 0.027209 0.118827
v -0.005275 0.026687 0.118827
v -0.010377 0.025139 0.118827
v -0.015078 0.022626 0.118827
v -0.019199 0.019245 0.118827
v -0.022580 0.015124 0.118827
v -0.025093 0.010423 0.118827
v -0.026641 0.005321 0.118827
v -0.027163 0.000016 0.118827
v -0.026641 -0.005289 0.118827
v -0.025093 -0.010390 0.118827
v -0.022580 -0.015091 0.118827
v -0.019199 -0.019212 0.118827
v -0.015078 -0.022594 0.118827
v -0.010377 -0.025107 0.118827
v -0.005275 -0.026654 0.118827
v 0.000030 -0.027177 0.118827
v 0.005335 -0.026654 0.118827
v 0.010436 -0.025107 0.118827
v 0.015137 -0.022594 0.118827
v 0.019258 -0.019212 0.118827
v 0.022640 -0.015091 0.118827
v 0.025153 -0.010390 0.118827
v 0.024598 -0.004871 0.124289
v 0.031125 -0.012864 0.094486
v 0.028015 -0.018683 0.094486
v 0.023829 -0.023783 0.094486
v 0.018729 -0.027969 0.094486
v 0.012910 -0.031079 0.094486
v 0.006596 -0.032994 0.094486
v 0.000030 -0.033641 0.094486
v -0.006536 -0.032994 0.094486
v -0.012850 -0.031079 0.094486
v -0.018669 -0.027969 0.094486
v -0.023770 -0.023783 0.094486
v -0.027955 -0.018683 0.094486
v -0.031066 -0.012864 0.094486
v -0.032981 -0.006550 0.094486
v -0.033628 0.000016 0.094486
v -0.032981 0.006583 0.094486
v -0.031066 0.012896 0.094486
v -0.027955 0.018715 0.094486
v -0.023770 0.023816 0.094486
v -0.018669 0.028001 0.094486
v -0.012850 0.031112 0.094486
v -0.006537 0.033027 0.094486
v 0.000030 0.033674 0.094486
v 0.000030 0.033674 0.094486
v 0.006596 0.033027 0.094486
v 0.012910 0.031112 0.094486
v 0.018729 0.028001 0.094486
v 0.023829 0.023816 0.094486
v 0.028015 0.018715 0.094486
v 0.031125 0.012897 0.094486
v 0.033040 0.006583 0.094486
v 0.034053 0.000016 0.087146
v 0.033040 -0.006550 0.094486
v 0.033871 0.000016 0.090785
v 0.033221 0.006618 0.090785
v 0.031295 0.012967 0.090785
v 0.028168 0.018817 0.090785
v 0.023959 0.023946 0.090785
v 0.018831 0.028154 0.090785
v 0.012980 0.031281 0.090785
v 0.006632 0.033207 0.090785
v 0.000030 0.033857 0.090785
v 0.000030 0.033857 0.090785
v -0.006572 0.033207 0.090785
v -0.012921 0.031281 0.090785
v -0.018771 0.028154 0.090785
v -0.023900 0.023946 0.090785
v -0.028108 0.018817 0.090785
v -0.031235 0.012967 0.090785
v -0.033161 0.006618 0.090785
v -0.033811 0.000016 0.090785
v -0.033161 -0.006586 0.090785
v -0.031235 -0.012934 0.090785
v -0.028108 -0.018785 0.090785
v -0.023900 -0.023913 0.090785
v -0.018771 -0.028122 0.090785
v -0.012921 -0.031249 0.090785
v -0.006572 -0.033175 0.090785
v 0.000030 -0.033825 0.090785
v 0.006632 -0.033174 0.090785
v 0.012980 -0.031249 0.090785
v 0.018831 -0.028121 0.090785
v 0.023959 -0.023913 0.090785
v 0.028168 -0.018785 0.090785
v 0.031295 -0.012934 0.090785
v 0.033221 -0.006586 0.090785
vt 0.064438 0.148559
vt 0.079527 0.148559
vt 0.094645 0.148559
vt 0.109797 0.148559
vt 0.124984 0.148559
vt 0.140205 0.148559
vt 0.155457 0.148559
vt 0.170740 0.148559
vt 0.186051 0.148559
vt 0.201390 0.148559
vt 0.216755 0.148559
vt 0.232147 0.148559
vt 0.247566 0.148559
vt 0.263012 0.148559
vt 0.278489 0.148559
vt 0.293989 0.148559
vt 0.309514 0.148559
vt 0.003087 0.133216
vt 0.496407 0.133216
vt 0.018671 0.133216
vt 0.034007 0.133216
vt 0.049371 0.133216
vt 0.064438 0.133216
vt 0.079527 0.133216
vt 0.094645 0.133216
vt 0.109797 0.133216
vt 0.124984 0.133216
vt 0.140205 0.133216
vt 0.155457 0.133216
vt 0.170740 0.133216
vt 0.186051 0.133216
vt 0.201390 0.133216
vt 0.216755 0.133216
vt 0.232147 0.133216
vt 0.247566 0.133216
vt 0.263012 0.133216
vt 0.278489 0.133216
vt 0.293989 0.133216
vt 0.309514 0.133216
vt 0.325068 0.133216
vt 0.340639 0.133216
vt 0.356185 0.133216
vt 0.371701 0.133216
vt 0.387192 0.133216
vt 0.402660 0.133216
vt 0.418099 0.133216
vt 0.433509 0.133216
vt 0.448897 0.133216
vt 0.464301 0.133216
vt 0.479739 0.133216
vt 0.003087 0.116129
vt 0.496407 0.116129
vt 0.018671 0.116129
vt 0.034007 0.116129
vt 0.049371 0.116129
vt 0.064438 0.116129
vt 0.079527 0.116129
vt 0.094645 0.116129
vt 0.109797 0.116129
vt 0.124984 0.116129
vt 0.140205 0.116129
vt 0.155457 0.116129
vt 0.170740 0.116129
vt 0.186051 0.116129
vt 0.201390 0.116129
vt 0.216755 0.116129
vt 0.232147 0.116129
vt 0.247566 0.116129
vt 0.263012 0.116129
vt 0.278489 0.116129
vt 0.293989 0.116129
vt 0.309514 0.116129
vt 0.325068 0.116129
vt 0.340639 0.116129
vt 0.356185 0.116129
vt 0.371701 0.116129
vt 0.387192 0.116129
vt 0.402660 0.116129
vt 0.418099 0.116129
vt 0.433509 0.116129
vt 0.448897 0.116129
vt 0.464301 0.116129
vt 0.479739 0.116129
vt 0.003087 0.098736
vt 0.496407 0.098736
vt 0.018671 0.098736
vt 0.034007 0.098736
vt 0.049371 0.098736
vt 0.064438 0.098736
vt 0.079527 0.098736
vt 0.094645 0.098736
vt 0.109797 0.098736
vt 0.124984 0.098736
vt 0.140205 0.098736
vt 0.155457 0.098736
vt 0.170740 0.098736
vt 0.186051 0.098736
vt 0.201390 0.098736
vt 0.216755 0.098736
vt 0.232147 0.098736
vt 0.247566 0.098736
vt 0.263012 0.098736
vt 0.278489 0.098736
vt 0.293989 0.098736
vt 0.309514 0.098736
vt 0.325068 0.098736
vt 0.340639 0.098736
vt 0.356185 0.098736
vt 0.371701 0.098736
vt 0.387192 0.098736
vt 0.402660 0.098736
vt 0.418099 0.098736
vt 0.433509 0.098736
vt 0.448897 0.098736
vt 0.464301 0.098736
vt 0.479739 0.098736
vt 0.371701 0.148559
vt 0.387192 0.148559
vt 0.402660 0.148559
vt 0.418099 0.148559
vt 0.433509 0.148559
vt 0.448897 0.148559
vt 0.464301 0.148559
vt 0.479739 0.148559
vt 0.003087 0.148559
vt 0.496407 0.148559
vt 0.018671 0.148559
vt 0.034007 0.148559
vt 0.049371 0.148559
vt 0.325068 0.148559
vt 0.340639 0.148559
vt 0.356185 0.148559
vt 0.371701 0.261284
vt 0.356185 0.261284
vt 0.003087 0.081819
vt 0.496407 0.081819
vt 0.610696 0.986361
vt 0.999077 0.986361
vt 0.018671 0.081819
vt 0.622898 0.986361
vt 0.034007 0.081819
vt 0.634901 0.986361
vt 0.049371 0.081819
vt 0.646945 0.986361
vt 0.064438 0.081819
vt 0.659051 0.986361
vt 0.079527 0.081819
vt 0.671186 0.986361
vt 0.094645 0.081819
vt 0.683340 0.986361
vt 0.109797 0.081819
vt 0.695508 0.986361
vt 0.124984 0.081819
vt 0.707682 0.986361
vt 0.140205 0.081819
vt 0.719860 0.986361
vt 0.155457 0.081819
vt 0.732037 0.986361
vt 0.170740 0.081819
vt 0.744214 0.986361
vt 0.186051 0.081819
vt 0.756387 0.986361
vt 0.201390 0.081819
vt 0.768557 0.986361
vt 0.216755 0.081819
vt 0.780725 0.986361
vt 0.232147 0.081819
vt 0.792889 0.986361
vt 0.805050 0.986361
vt 0.247566 0.081819
vt 0.817208 0.986361
vt 0.263012 0.081819
vt 0.829364 0.986361
vt 0.278489 0.081819
vt 0.841519 0.986361
vt 0.293989 0.081819
vt 0.853672 0.986361
vt 0.309514 0.081819
vt 0.865824 0.986361
vt 0.325068 0.081819
vt 0.877976 0.986361
vt 0.340639 0.081819
vt 0.890127 0.986361
vt 0.356185 0.081819
vt 0.902277 0.986361
vt 0.371701 0.081819
vt 0.914424 0.986361
vt 0.387192 0.081819
vt 0.926567 0.986361
vt 0.402660 0.081819
vt 0.938701 0.986361
vt 0.418099 0.081819
vt 0.950823 0.986361
vt 0.433509 0.081819
vt 0.962926 0.986361
vt 0.448897 0.081819
vt 0.975006 0.986361
vt 0.464301 0.081819
vt 0.987081 0.986361
vt 0.479739 0.081819
vt 0.293989 0.182547
vt 0.278489 0.182547
vt 0.263012 0.182547
vt 0.247566 0.182547
vt 0.232147 0.182547
vt 0.216755 0.182547
vt 0.201390 0.182547
vt 0.186051 0.182547
vt 0.170740 0.182547
vt 0.155457 0.182547
vt 0.140205 0.182547
vt 0.124984 0.182547
vt 0.109797 0.182547
vt 0.094645 0.182547
vt 0.079527 0.182547
vt 0.064438 0.182547
vt 0.049371 0.182547
vt 0.034007 0.182547
vt 0.018671 0.182547
vt 0.003087 0.182547
vt 0.496407 0.182547
vt 0.479739 0.182547
vt 0.464301 0.182547
vt 0.448897 0.182547
vt 0.433509 0.182547
vt 0.418099 0.182547
vt 0.402660 0.182547
vt 0.387192 0.182547
vt 0.371701 0.182547
vt 0.356185 0.182547
vt 0.340639 0.182547
vt 0.325068 0.182547
vt 0.309514 0.182547
vt 0.201390 0.197573
vt 0.186051 0.197573
vt 0.170740 0.197573
vt 0.155457 0.197573
vt 0.140205 0.197573
vt 0.124984 0.197573
vt 0.109797 0.197573
vt 0.094645 0.197573
vt 0.079527 0.197573
vt 0.064438 0.197573
vt 0.049371 0.197573
vt 0.034007 0.197573
vt 0.018671 0.197573
vt 0.003087 0.197573
vt 0.496407 0.197573
vt 0.479739 0.197573
vt 0.464301 0.197573
vt 0.448897 0.197573
vt 0.433509 0.197573
vt 0.418099 0.197573
vt 0.402660 0.197573
vt 0.387192 0.197573
vt 0.371701 0.197573
vt 0.356185 0.197573
vt 0.340639 0.197573
vt 0.325068 0.197573
vt 0.309514 0.197573
vt 0.293989 0.197573
vt 0.278489 0.197573
vt 0.263012 0.197573
vt 0.247566 0.197573
vt 0.232147 0.197573
vt 0.216755 0.197573
vt 0.387192 0.261284
vt 0.402660 0.261284
vt 0.418099 0.261284
vt 0.433509 0.261284
vt 0.448897 0.261284
vt 0.464301 0.261284
vt 0.479739 0.261284
vt 0.003087 0.261284
vt 0.496407 0.261284
vt 0.018671 0.261284
vt 0.034007 0.261284
vt 0.049371 0.261284
vt 0.064438 0.261284
vt 0.079527 0.261284
vt 0.094645 0.261284
vt 0.109797 0.261284
vt 0.124984 0.261284
vt 0.140205 0.261284
vt 0.155457 0.261284
vt 0.170740 0.261284
vt 0.186051 0.261284
vt 0.201390 0.261284
vt 0.216755 0.261284
vt 0.232147 0.261284
vt 0.247566 0.261284
vt 0.263012 0.261284
vt 0.278489 0.261284
vt 0.293989 0.261284
vt 0.309514 0.261284
vt 0.325068 0.261284
vt 0.340639 0.261284
vt 0.293989 0.212760
vt 0.278489 0.212760
vt 0.263012 0.212760
vt 0.247566 0.212760
vt 0.232147 0.212760
vt 0.216755 0.212760
vt 0.201390 0.212760
vt 0.186051 0.212760
vt 0.170740 0.212760
vt 0.155457 0.212760
vt 0.140205 0.212760
vt 0.124984 0.212760
vt 0.109797 0.212760
vt 0.094645 0.212760
vt 0.079527 0.212760
vt 0.064438 0.212760
vt 0.049371 0.212760
vt 0.034007 0.212760
vt 0.018671 0.212760
vt 0.003087 0.212760
vt 0.496407 0.212760
vt 0.479739 0.212760
vt 0.464301 0.212760
vt 0.448897 0.212760
vt 0.433509 0.212760
vt 0.418099 0.212760
vt 0.402660 0.212760
vt 0.387192 0.212760
vt 0.371701 0.212760
vt 0.356185 0.212760
vt 0.340639 0.212760
vt 0.325068 0.212760
vt 0.309514 0.212760
vt 0.247566 0.229024
vt 0.263012 0.229024
vt 0.278489 0.229024
vt 0.293989 0.229024
vt 0.309514 0.229024
vt 0.325068 0.229024
vt 0.340639 0.229024
vt 0.356185 0.229024
vt 0.371701 0.229024
vt 0.387192 0.229024
vt 0.402660 0.229024
vt 0.418099 0.229024
vt 0.433509 0.229024
vt 0.448897 0.229024
vt 0.464301 0.229024
vt 0.479739 0.229024
vt 0.003087 0.229024
vt 0.496407 0.229024
vt 0.018671 0.229024
vt 0.034007 0.229024
vt 0.049371 0.229024
vt 0.064438 0.229024
vt 0.079527 0.229024
vt 0.094645 0.229024
vt 0.109797 0.229024
vt 0.124984 0.229024
vt 0.140205 0.229024
vt 0.155457 0.229024
vt 0.170740 0.229024
vt 0.186051 0.229024
vt 0.201390 0.229024
vt 0.216755 0.229024
vt 0.232147 0.229024
vt 0.371701 0.245383
vt 0.387192 0.245383
vt 0.402660 0.245383
vt 0.418099 0.245383
vt 0.433509 0.245383
vt 0.448897 0.245383
vt 0.464301 0.245383
vt 0.479739 0.245383
vt 0.003087 0.245383
vt 0.496407 0.245383
vt 0.018671 0.245383
vt 0.034007 0.245383
vt 0.049371 0.245383
vt 0.064438 0.245383
vt 0.079527 0.245383
vt 0.094645 0.245383
vt 0.109797 0.245383
vt 0.124984 0.245383
vt 0.140205 0.245383
vt 0.155457 0.245383
vt 0.170740 0.245383
vt 0.186051 0.245383
vt 0.201390 0.245383
vt 0.216755 0.245383
vt 0.232147 0.245383
vt 0.247566 0.245383
vt 0.263012 0.245383
vt 0.278489 0.245383
vt 0.293989 0.245383
vt 0.309514 0.245383
vt 0.325068 0.245383
vt 0.340639 0.245383
vt 0.356185 0.245383
vt 0.003087 0.140997
vt 0.496407 0.140997
vt 0.018671 0.140997
vt 0.034007 0.140997
vt 0.049371 0.140997
vt 0.064438 0.140997
vt 0.079527 0.140997
vt 0.094645 0.140997
vt 0.109797 0.140997
vt 0.124984 0.140997
vt 0.140205 0.140997
vt 0.155457 0.140997
vt 0.170740 0.140997
vt 0.186051 0.140997
vt 0.201390 0.140997
vt 0.216755 0.140997
vt 0.232147 0.140997
vt 0.247566 0.140997
vt 0.263012 0.140997
vt 0.278489 0.140997
vt 0.293989 0.140997
vt 0.309514 0.140997
vt 0.325068 0.140997
vt 0.340639 0.140997
vt 0.356185 0.140997
vt 0.371701 0.140997
vt 0.387192 0.140997
vt 0.402660 0.140997
vt 0.418099 0.140997
vt 0.433509 0.140997
vt 0.448897 0.140997
vt 0.464301 0.140997
vt 0.479739 0.140997
vt 0.003087 0.124882
vt 0.496407 0.124882
vt 0.018671 0.124882
vt 0.034007 0.124882
vt 0.049371 0.124882
vt 0.064438 0.124882
vt 0.079527 0.124882
vt 0.094645 0.124882
vt 0.109797 0.124882
vt 0.124984 0.124882
vt 0.140205 0.124882
vt 0.155457 0.124882
vt 0.170740 0.124882
vt 0.186051 0.124882
vt 0.201390 0.124882
vt 0.216755 0.124882
vt 0.232147 0.124882
vt 0.247566 0.124882
vt 0.263012 0.124882
vt 0.278489 0.124882
vt 0.293989 0.124882
vt 0.309514 0.124882
vt 0.325068 0.124882
vt 0.340639 0.124882
vt 0.356185 0.124882
vt 0.371701 0.124882
vt 0.387192 0.124882
vt 0.402660 0.124882
vt 0.418099 0.124882
vt 0.433509 0.124882
vt 0.448897 0.124882
vt 0.464301 0.124882
vt 0.479739 0.124882
vt 0.003087 0.107488
vt 0.496407 0.107488
vt 0.018671 0.107488
vt 0.034007 0.107488
vt 0.049371 0.107488
vt 0.064438 0.107488
vt 0.079527 0.107488
vt 0.094645 0.107488
vt 0.109797 0.107488
vt 0.124984 0.107488
vt 0.140205 0.107488
vt 0.155457 0.107488
vt 0.170740 0.107488
vt 0.186051 0.107488
vt 0.201390 0.107488
vt 0.216755 0.107488
vt 0.232147 0.107488
vt 0.247566 0.107488
vt 0.263012 0.107488
vt 0.278489 0.107488
vt 0.293989 0.107488
vt 0.309514 0.107488
vt 0.325068 0.107488
vt 0.340639 0.107488
vt 0.356185 0.107488
vt 0.371701 0.107488
vt 0.387192 0.107488
vt 0.402660 0.107488
vt 0.418099 0.107488
vt 0.433509 0.107488
vt 0.448897 0.107488
vt 0.464301 0.107488
vt 0.479739 0.107488
vt 0.387192 0.157171
vt 0.371701 0.253244
vt 0.402660 0.157171
vt 0.418099 0.157171
vt 0.433509 0.157171
vt 0.448897 0.157171
vt 0.464301 0.157171
vt 0.479739 0.157171
vt 0.003087 0.157171
vt 0.496407 0.157171
vt 0.018671 0.157171
vt 0.034007 0.157171
vt 0.049371 0.157171
vt 0.064438 0.157171
vt 0.079527 0.157171
vt 0.094645 0.157171
vt 0.109797 0.157171
vt 0.124984 0.157171
vt 0.140205 0.157171
vt 0.155457 0.157171
vt 0.170740 0.157171
vt 0.186051 0.157171
vt 0.201390 0.157171
vt 0.216755 0.157171
vt 0.232147 0.157171
vt 0.247566 0.157171
vt 0.263012 0.157171
vt 0.278489 0.157171
vt 0.293989 0.157171
vt 0.309514 0.157171
vt 0.325068 0.157171
vt 0.340639 0.157171
vt 0.356185 0.157171
vt 0.003087 0.090546
vt 0.496407 0.090546
vt 0.018671 0.090546
vt 0.034007 0.090546
vt 0.049371 0.090546
vt 0.064438 0.090546
vt 0.079527 0.090546
vt 0.094645 0.090546
vt 0.109797 0.090546
vt 0.124984 0.090546
vt 0.140205 0.090546
vt 0.155457 0.090546
vt 0.170740 0.090546
vt 0.186051 0.090546
vt 0.201390 0.090546
vt 0.216755 0.090546
vt 0.232147 0.090546
vt 0.247566 0.090546
vt 0.263012 0.090546
vt 0.278489 0.090546
vt 0.293989 0.090546
vt 0.309514 0.090546
vt 0.325068 0.090546
vt 0.340639 0.090546
vt 0.356185 0.090546
vt 0.371701 0.090546
vt 0.387192 0.090546
vt 0.402660 0.090546
vt 0.418099 0.090546
vt 0.433509 0.090546
vt 0.448897 0.090546
vt 0.464301 0.090546
vt 0.479739 0.090546
vt 0.371701 0.174375
vt 0.293989 0.190040
vt 0.278489 0.190040
vt 0.263012 0.190040
vt 0.247566 0.190040
vt 0.232147 0.190040
vt 0.216755 0.190040
vt 0.201390 0.190040
vt 0.186051 0.190040
vt 0.170740 0.190040
vt 0.155457 0.190040
vt 0.140205 0.190040
vt 0.124984 0.190040
vt 0.109797 0.190040
vt 0.094645 0.190040
vt 0.079527 0.190040
vt 0.064438 0.190040
vt 0.049371 0.190040
vt 0.034007 0.190040
vt 0.018671 0.190040
vt 0.003087 0.190040
vt 0.496407 0.190040
vt 0.479739 0.190040
vt 0.464301 0.190040
vt 0.448897 0.190040
vt 0.433509 0.190040
vt 0.418099 0.190040
vt 0.402660 0.190040
vt 0.387192 0.190040
vt 0.356185 0.190040
vt 0.340639 0.190040
vt 0.325068 0.190040
vt 0.309514 0.190040
vt 0.300969 0.989609
vt 0.371701 0.268026
vt 0.313398 0.989609
vt 0.387192 0.268026
vt 0.325837 0.989609
vt 0.402660 0.268026
vt 0.338289 0.989609
vt 0.418099 0.268026
vt 0.350759 0.989609
vt 0.433509 0.268026
vt 0.363249 0.989609
vt 0.448897 0.268026
vt 0.375734 0.989609
vt 0.464301 0.268026
vt 0.388191 0.989609
vt 0.479739 0.268026
vt 0.003424 0.989609
vt 0.400943 0.989609
vt 0.003087 0.268026
vt 0.496407 0.268026
vt 0.018671 0.268026
vt 0.015932 0.989609
vt 0.034007 0.268026
vt 0.028431 0.989609
vt 0.049371 0.268026
vt 0.040865 0.989609
vt 0.064438 0.268026
vt 0.053269 0.989609
vt 0.079527 0.268026
vt 0.065652 0.989609
vt 0.094645 0.268026
vt 0.078021 0.989609
vt 0.109797 0.268026
vt 0.090381 0.989609
vt 0.124984 0.268026
vt 0.102738 0.989609
vt 0.140205 0.268026
vt 0.115096 0.989609
vt 0.155457 0.268026
vt 0.127455 0.989609
vt 0.170740 0.268026
vt 0.139819 0.989609
vt 0.186051 0.268026
vt 0.152187 0.989609
vt 0.201390 0.268026
vt 0.164561 0.989609
vt 0.216755 0.268026
vt 0.176939 0.989609
vt 0.232147 0.268026
vt 0.189323 0.989609
vt 0.201711 0.989609
vt 0.247566 0.268026
vt 0.214104 0.989609
vt 0.263012 0.268026
vt 0.226501 0.989609
vt 0.278489 0.268026
vt 0.238902 0.989609
vt 0.293989 0.268026
vt 0.251307 0.989609
vt 0.309514 0.268026
vt 0.263715 0.989609
vt 0.325068 0.268026
vt 0.276127 0.989609
vt 0.340639 0.268026
vt 0.288543 0.989609
vt 0.356185 0.268026
vt 0.201390 0.205065
vt 0.186051 0.205065
vt 0.170740 0.205065
vt 0.155457 0.205065
vt 0.140205 0.205065
vt 0.124984 0.205065
vt 0.109797 0.205065
vt 0.094645 0.205065
vt 0.079527 0.205065
vt 0.064438 0.205065
vt 0.049371 0.205065
vt 0.034007 0.205065
vt 0.018671 0.205065
vt 0.003087 0.205065
vt 0.496407 0.205065
vt 0.479739 0.205065
vt 0.464301 0.205065
vt 0.448897 0.205065
vt 0.433509 0.205065
vt 0.418099 0.205065
vt 0.402660 0.205065
vt 0.387192 0.205065
vt 0.371701 0.190040
vt 0.356185 0.205065
vt 0.340639 0.205065
vt 0.325068 0.205065
vt 0.309514 0.205065
vt 0.293989 0.205065
vt 0.278489 0.205065
vt 0.263012 0.205065
vt 0.247566 0.205065
vt 0.232147 0.205065
vt 0.216755 0.205065
vt 0.387192 0.253244
vt 0.402660 0.253244
vt 0.418099 0.253244
vt 0.433509 0.253244
vt 0.448897 0.253244
vt 0.464301 0.253244
vt 0.479739 0.253244
vt 0.003087 0.253244
vt 0.496407 0.253244
vt 0.018671 0.253244
vt 0.034007 0.253244
vt 0.049371 0.253244
vt 0.064438 0.253244
vt 0.079527 0.253244
vt 0.094645 0.253244
vt 0.109797 0.253244
vt 0.124984 0.253244
vt 0.140205 0.253244
vt 0.155457 0.253244
vt 0.170740 0.253244
vt 0.186051 0.253244
vt 0.201390 0.253244
vt 0.216755 0.253244
vt 0.232147 0.253244
vt 0.247566 0.253244
vt 0.263012 0.253244
vt 0.278489 0.253244
vt 0.293989 0.253244
vt 0.309514 0.253244
vt 0.325068 0.253244
vt 0.340639 0.253244
vt 0.356185 0.220707
vt 0.371701 0.205065
vt 0.247566 0.220707
vt 0.263012 0.220707
vt 0.278489 0.220707
vt 0.293989 0.220707
vt 0.309514 0.220707
vt 0.325068 0.220707
vt 0.340639 0.220707
vt 0.356185 0.237056
vt 0.371701 0.220707
vt 0.387192 0.220707
vt 0.402660 0.220707
vt 0.418099 0.220707
vt 0.433509 0.220707
vt 0.448897 0.220707
vt 0.464301 0.220707
vt 0.479739 0.220707
vt 0.003087 0.220707
vt 0.496407 0.220707
vt 0.018671 0.220707
vt 0.034007 0.220707
vt 0.049371 0.220707
vt 0.064438 0.220707
vt 0.079527 0.220707
vt 0.094645 0.220707
vt 0.109797 0.220707
vt 0.124984 0.220707
vt 0.140205 0.220707
vt 0.155457 0.220707
vt 0.170740 0.220707
vt 0.186051 0.220707
vt 0.201390 0.220707
vt 0.216755 0.220707
vt 0.232147 0.220707
vt 0.371701 0.237056
vt 0.387192 0.237056
vt 0.402660 0.237056
vt 0.418099 0.237056
vt 0.433509 0.237056
vt 0.448897 0.237056
vt 0.464301 0.237056
vt 0.479739 0.237056
vt 0.003087 0.237056
vt 0.496407 0.237056
vt 0.018671 0.237056
vt 0.034007 0.237056
vt 0.049371 0.237056
vt 0.064438 0.237056
vt 0.079527 0.237056
vt 0.094645 0.237056
vt 0.109797 0.237056
vt 0.124984 0.237056
vt 0.140205 0.237056
vt 0.155457 0.237056
vt 0.170740 0.237056
vt 0.186051 0.237056
vt 0.201390 0.237056
vt 0.216755 0.237056
vt 0.232147 0.237056
vt 0.247566 0.237056
vt 0.263012 0.237056
vt 0.278489 0.237056
vt 0.293989 0.237056
vt 0.309514 0.237056
vt 0.325068 0.237056
vt 0.340639 0.237056
vt 0.356185 0.253244
vt 0.340639 0.174375
vt 0.325068 0.174375
vt 0.309514 0.174375
vt 0.293989 0.174375
vt 0.278489 0.174375
vt 0.263012 0.174375
vt 0.247566 0.174375
vt 0.232147 0.174375
vt 0.216755 0.174375
vt 0.201390 0.174375
vt 0.186051 0.174375
vt 0.170740 0.174375
vt 0.155457 0.174375
vt 0.140205 0.174375
vt 0.124984 0.174375
vt 0.109797 0.174375
vt 0.094645 0.174375
vt 0.079527 0.174375
vt 0.064438 0.174375
vt 0.049371 0.174375
vt 0.034007 0.174375
vt 0.018671 0.174375
vt 0.003087 0.174375
vt 0.496407 0.174375
vt 0.479739 0.174375
vt 0.464301 0.174375
vt 0.448897 0.174375
vt 0.433509 0.174375
vt 0.418099 0.174375
vt 0.402660 0.174375
vt 0.387192 0.174375
vt 0.371701 0.157171
vt 0.356185 0.174375
vt 0.371701 0.165548
vt 0.387192 0.165548
vt 0.402660 0.165548
vt 0.418099 0.165548
vt 0.433509 0.165548
vt 0.448897 0.165548
vt 0.464301 0.165548
vt 0.479739 0.165548
vt 0.003087 0.165548
vt 0.496407 0.165548
vt 0.018671 0.165548
vt 0.034007 0.165548
vt 0.049371 0.165548
vt 0.064438 0.165548
vt 0.079527 0.165548
vt 0.094645 0.165548
vt 0.109797 0.165548
vt 0.124984 0.165548
vt 0.140205 0.165548
vt 0.155457 0.165548
vt 0.170740 0.165548
vt 0.186051 0.165548
vt 0.201390 0.165548
vt 0.216755 0.165548
vt 0.232147 0.165548
vt 0.247566 0.165548
vt 0.263012 0.165548
vt 0.278489 0.165548
vt 0.293989 0.165548
vt 0.309514 0.165548
vt 0.325068 0.165548
vt 0.340639 0.165548
vt 0.356185 0.165548
vt 0.417429 0.338778
vt 0.402768 0.338778
vt 0.388113 0.338778
vt 0.373459 0.338778
vt 0.358798 0.338778
vt 0.344130 0.338778
vt 0.329450 0.338778
vt 0.314756 0.338778
vt 0.300076 0.338778
vt 0.285352 0.338778
vt 0.270608 0.338778
vt 0.255850 0.338778
vt 0.241073 0.338778
vt 0.226281 0.338778
vt 0.211474 0.338778
vt 0.196654 0.338778
vt 0.181822 0.338778
vt 0.003087 0.324501
vt 0.476046 0.324501
vt 0.461327 0.324501
vt 0.446742 0.324501
vt 0.432091 0.324501
vt 0.417429 0.324501
vt 0.402768 0.324501
vt 0.388113 0.324501
vt 0.373459 0.324501
vt 0.358798 0.324501
vt 0.344130 0.324501
vt 0.329450 0.324501
vt 0.314756 0.324501
vt 0.300076 0.324501
vt 0.285352 0.324501
vt 0.270608 0.324501
vt 0.255850 0.324501
vt 0.241073 0.324501
vt 0.226281 0.324501
vt 0.211474 0.324501
vt 0.196654 0.324501
vt 0.181822 0.324501
vt 0.166982 0.324501
vt 0.152134 0.324501
vt 0.137281 0.324501
vt 0.122423 0.324501
vt 0.107558 0.324501
vt 0.092694 0.324501
vt 0.077812 0.324501
vt 0.062927 0.324501
vt 0.048020 0.324501
vt 0.033136 0.324501
vt 0.018278 0.324501
vt 0.003087 0.308083
vt 0.476046 0.308083
vt 0.461327 0.308083
vt 0.446742 0.308083
vt 0.432091 0.308083
vt 0.417429 0.308083
vt 0.402768 0.308083
vt 0.388113 0.308083
vt 0.373459 0.308083
vt 0.358798 0.308083
vt 0.344130 0.308083
vt 0.329450 0.308083
vt 0.314756 0.308083
vt 0.300076 0.308083
vt 0.285352 0.308083
vt 0.270608 0.308083
vt 0.255850 0.308083
vt 0.241073 0.308083
vt 0.226281 0.308083
vt 0.211474 0.308083
vt 0.196654 0.308083
vt 0.181822 0.308083
vt 0.166982 0.308083
vt 0.152134 0.308083
vt 0.137281 0.308083
vt 0.122423 0.308083
vt 0.107558 0.308083
vt 0.092694 0.308083
vt 0.077812 0.308083
vt 0.062927 0.308083
vt 0.048020 0.308083
vt 0.033136 0.308083
vt 0.018278 0.308083
vt 0.003087 0.289718
vt 0.476046 0.289718
vt 0.461327 0.289718
vt 0.446742 0.289718
vt 0.432091 0.289718
vt 0.417429 0.289718
vt 0.402768 0.289718
vt 0.388113 0.289718
vt 0.373459 0.289718
vt 0.358798 0.289718
vt 0.344130 0.289718
vt 0.329450 0.289718
vt 0.314756 0.289718
vt 0.300076 0.289718
vt 0.285352 0.289718
vt 0.270608 0.289718
vt 0.255850 0.289718
vt 0.241073 0.289718
vt 0.226281 0.289718
vt 0.211474 0.289718
vt 0.196654 0.289718
vt 0.181822 0.289718
vt 0.166982 0.289718
vt 0.152134 0.289718
vt 0.137281 0.289718
vt 0.122423 0.289718
vt 0.107558 0.289718
vt 0.092694 0.289718
vt 0.077812 0.289718
vt 0.062927 0.289718
vt 0.048020 0.289718
vt 0.033136 0.289718
vt 0.018278 0.289718
vt 0.122423 0.338778
vt 0.107558 0.338778
vt 0.092694 0.338778
vt 0.077812 0.338778
vt 0.062927 0.338778
vt 0.048020 0.338778
vt 0.033136 0.338778
vt 0.018278 0.338778
vt 0.003087 0.338778
vt 0.476046 0.338778
vt 0.461327 0.338778
vt 0.446742 0.338778
vt 0.432091 0.338778
vt 0.166982 0.338778
vt 0.152134 0.338778
vt 0.137281 0.338778
vt 0.122423 0.450331
vt 0.137281 0.450331
vt 0.610696 0.983211
vt 0.999077 0.983211
vt 0.003087 0.271187
vt 0.476046 0.271187
vt 0.622898 0.983211
vt 0.461327 0.271187
vt 0.634901 0.983211
vt 0.446742 0.271187
vt 0.646945 0.983211
vt 0.432091 0.271187
vt 0.659051 0.983211
vt 0.417429 0.271187
vt 0.671186 0.983211
vt 0.402768 0.271187
vt 0.683340 0.983211
vt 0.388113 0.271187
vt 0.695508 0.983211
vt 0.373459 0.271187
vt 0.707682 0.983211
vt 0.358798 0.271187
vt 0.719860 0.983211
vt 0.344130 0.271187
vt 0.732037 0.983211
vt 0.329450 0.271187
vt 0.744214 0.983211
vt 0.314756 0.271187
vt 0.756387 0.983211
vt 0.300076 0.271187
vt 0.768557 0.983211
vt 0.285352 0.271187
vt 0.780725 0.983211
vt 0.270608 0.271187
vt 0.792889 0.983211
vt 0.255850 0.271187
vt 0.241073 0.271187
vt 0.805050 0.983211
vt 0.226281 0.271187
vt 0.817208 0.983211
vt 0.211474 0.271187
vt 0.829364 0.983211
vt 0.196654 0.271187
vt 0.841519 0.983211
vt 0.181822 0.271187
vt 0.853672 0.983211
vt 0.166982 0.271187
vt 0.865824 0.983211
vt 0.152134 0.271187
vt 0.877976 0.983211
vt 0.137281 0.271187
vt 0.890127 0.983211
vt 0.122423 0.271187
vt 0.902277 0.983211
vt 0.107558 0.271187
vt 0.914424 0.983211
vt 0.092694 0.271187
vt 0.926567 0.983211
vt 0.077812 0.271187
vt 0.938701 0.983211
vt 0.062927 0.271187
vt 0.950823 0.983211
vt 0.048020 0.271187
vt 0.962926 0.983211
vt 0.033136 0.271187
vt 0.975006 0.983211
vt 0.018278 0.271187
vt 0.987081 0.983211
vt 0.196654 0.371781
vt 0.211474 0.371781
vt 0.226281 0.371781
vt 0.241073 0.371781
vt 0.255850 0.371781
vt 0.270608 0.371781
vt 0.285352 0.371781
vt 0.300076 0.371781
vt 0.314756 0.371781
vt 0.329450 0.371781
vt 0.344130 0.371781
vt 0.358798 0.371781
vt 0.373459 0.371781
vt 0.388113 0.371781
vt 0.402768 0.371781
vt 0.417429 0.371781
vt 0.432091 0.371781
vt 0.446742 0.371781
vt 0.461327 0.371781
vt 0.003087 0.371781
vt 0.476046 0.371781
vt 0.018278 0.371781
vt 0.033136 0.371781
vt 0.048020 0.371781
vt 0.062927 0.371781
vt 0.077812 0.371781
vt 0.092694 0.371781
vt 0.107558 0.371781
vt 0.122423 0.371781
vt 0.137281 0.371781
vt 0.152134 0.371781
vt 0.166982 0.371781
vt 0.181822 0.371781
vt 0.285352 0.386520
vt 0.300076 0.386520
vt 0.314756 0.386520
vt 0.329450 0.386520
vt 0.344130 0.386520
vt 0.358798 0.386520
vt 0.373459 0.386520
vt 0.388113 0.386520
vt 0.402768 0.386520
vt 0.417429 0.386520
vt 0.432091 0.386520
vt 0.446742 0.386520
vt 0.461327 0.386520
vt 0.003087 0.386520
vt 0.476046 0.386520
vt 0.018278 0.386520
vt 0.033136 0.386520
vt 0.048020 0.386520
vt 0.062927 0.386520
vt 0.077812 0.386520
vt 0.092694 0.386520
vt 0.107558 0.386520
vt 0.122423 0.386520
vt 0.137281 0.386520
vt 0.152134 0.386520
vt 0.166982 0.386520
vt 0.181822 0.386520
vt 0.196654 0.386520
vt 0.211474 0.386520
vt 0.226281 0.386520
vt 0.241073 0.386520
vt 0.255850 0.386520
vt 0.270608 0.386520
vt 0.107558 0.450331
vt 0.092694 0.450331
vt 0.077812 0.450331
vt 0.062927 0.450331
vt 0.048020 0.450331
vt 0.033136 0.450331
vt 0.018278 0.450331
vt 0.003087 0.450331
vt 0.476046 0.450331
vt 0.461327 0.450331
vt 0.446742 0.450331
vt 0.432091 0.450331
vt 0.417429 0.450331
vt 0.402768 0.450331
vt 0.388113 0.450331
vt 0.373459 0.450331
vt 0.358798 0.450331
vt 0.344130 0.450331
vt 0.329450 0.450331
vt 0.314756 0.450331
vt 0.300076 0.450331
vt 0.285352 0.450331
vt 0.270608 0.450331
vt 0.255850 0.450331
vt 0.241073 0.450331
vt 0.226281 0.450331
vt 0.211474 0.450331
vt 0.196654 0.450331
vt 0.181822 0.450331
vt 0.166982 0.450331
vt 0.152134 0.450331
vt 0.196654 0.401111
vt 0.211474 0.401111
vt 0.226281 0.401111
vt 0.241073 0.401111
vt 0.255850 0.401111
vt 0.270608 0.401111
vt 0.285352 0.401111
vt 0.300076 0.401111
vt 0.314756 0.401111
vt 0.329450 0.401111
vt 0.344130 0.401111
vt 0.358798 0.401111
vt 0.373459 0.401111
vt 0.388113 0.401111
vt 0.402768 0.401111
vt 0.417429 0.401111
vt 0.432091 0.401111
vt 0.446742 0.401111
vt 0.461327 0.401111
vt 0.003087 0.401111
vt 0.476046 0.401111
vt 0.018278 0.401111
vt 0.033136 0.401111
vt 0.048020 0.401111
vt 0.062927 0.401111
vt 0.077812 0.401111
vt 0.092694 0.401111
vt 0.107558 0.401111
vt 0.122423 0.401111
vt 0.137281 0.401111
vt 0.152134 0.401111
vt 0.166982 0.401111
vt 0.181822 0.401111
vt 0.241073 0.416880
vt 0.226281 0.416880
vt 0.211474 0.416880
vt 0.196654 0.416880
vt 0.181822 0.416880
vt 0.166982 0.416880
vt 0.152134 0.416880
vt 0.137281 0.416880
vt 0.122423 0.416880
vt 0.107558 0.416880
vt 0.092694 0.416880
vt 0.077812 0.416880
vt 0.062927 0.416880
vt 0.048020 0.416880
vt 0.033136 0.416880
vt 0.018278 0.416880
vt 0.003087 0.416880
vt 0.476046 0.416880
vt 0.461327 0.416880
vt 0.446742 0.416880
vt 0.432091 0.416880
vt 0.417429 0.416880
vt 0.402768 0.416880
vt 0.388113 0.416880
vt 0.373459 0.416880
vt 0.358798 0.416880
vt 0.344130 0.416880
vt 0.329450 0.416880
vt 0.314756 0.416880
vt 0.300076 0.416880
vt 0.285352 0.416880
vt 0.270608 0.416880
vt 0.255850 0.416880
vt 0.122423 0.433438
vt 0.107558 0.433438
vt 0.092694 0.433438
vt 0.077812 0.433438
vt 0.062927 0.433438
vt 0.048020 0.433438
vt 0.033136 0.433438
vt 0.018278 0.433438
vt 0.003087 0.433438
vt 0.476046 0.433438
vt 0.461327 0.433438
vt 0.446742 0.433438
vt 0.432091 0.433438
vt 0.417429 0.433438
vt 0.402768 0.433438
vt 0.388113 0.433438
vt 0.373459 0.433438
vt 0.358798 0.433438
vt 0.344130 0.433438
vt 0.329450 0.433438
vt 0.314756 0.433438
vt 0.300076 0.433438
vt 0.285352 0.433438
vt 0.270608 0.433438
vt 0.255850 0.433438
vt 0.241073 0.433438
vt 0.226281 0.433438
vt 0.211474 0.433438
vt 0.196654 0.433438
vt 0.181822 0.433438
vt 0.166982 0.433438
vt 0.152134 0.433438
vt 0.137281 0.433438
vt 0.003087 0.331903
vt 0.476046 0.331903
vt 0.461327 0.331903
vt 0.446742 0.331903
vt 0.432091 0.331903
vt 0.417429 0.331903
vt 0.402768 0.331903
vt 0.388113 0.331903
vt 0.373459 0.331903
vt 0.358798 0.331903
vt 0.344130 0.331903
vt 0.329450 0.331903
vt 0.314756 0.331903
vt 0.300076 0.331903
vt 0.285352 0.331903
vt 0.270608 0.331903
vt 0.255850 0.331903
vt 0.241073 0.331903
vt 0.226281 0.331903
vt 0.211474 0.331903
vt 0.196654 0.331903
vt 0.181822 0.331903
vt 0.166982 0.331903
vt 0.152134 0.331903
vt 0.137281 0.331903
vt 0.122423 0.331903
vt 0.107558 0.331903
vt 0.092694 0.331903
vt 0.077812 0.331903
vt 0.062927 0.331903
vt 0.048020 0.331903
vt 0.033136 0.331903
vt 0.018278 0.331903
vt 0.003087 0.316391
vt 0.476046 0.316391
vt 0.461327 0.316391
vt 0.446742 0.316391
vt 0.432091 0.316391
vt 0.417429 0.316391
vt 0.402768 0.316391
vt 0.388113 0.316391
vt 0.373459 0.316391
vt 0.358798 0.316391
vt 0.344130 0.316391
vt 0.329450 0.316391
vt 0.314756 0.316391
vt 0.300076 0.316391
vt 0.285352 0.316391
vt 0.270608 0.316391
vt 0.255850 0.316391
vt 0.241073 0.316391
vt 0.226281 0.316391
vt 0.211474 0.316391
vt 0.196654 0.316391
vt 0.181822 0.316391
vt 0.166982 0.316391
vt 0.152134 0.316391
vt 0.137281 0.316391
vt 0.122423 0.316391
vt 0.107558 0.316391
vt 0.092694 0.316391
vt 0.077812 0.316391
vt 0.062927 0.316391
vt 0.048020 0.316391
vt 0.033136 0.316391
vt 0.018278 0.316391
vt 0.003087 0.299468
vt 0.476046 0.299468
vt 0.461327 0.299468
vt 0.446742 0.299468
vt 0.432091 0.299468
vt 0.417429 0.299468
vt 0.402768 0.299468
vt 0.388113 0.299468
vt 0.373459 0.299468
vt 0.358798 0.299468
vt 0.344130 0.299468
vt 0.329450 0.299468
vt 0.314756 0.299468
vt 0.300076 0.299468
vt 0.285352 0.299468
vt 0.270608 0.299468
vt 0.255850 0.299468
vt 0.241073 0.299468
vt 0.226281 0.299468
vt 0.211474 0.299468
vt 0.196654 0.299468
vt 0.181822 0.299468
vt 0.166982 0.299468
vt 0.152134 0.299468
vt 0.137281 0.299468
vt 0.122423 0.299468
vt 0.107558 0.299468
vt 0.092694 0.299468
vt 0.077812 0.299468
vt 0.062927 0.299468
vt 0.048020 0.299468
vt 0.033136 0.299468
vt 0.018278 0.299468
vt 0.107558 0.346925
vt 0.122423 0.441762
vt 0.092694 0.346925
vt 0.077812 0.346925
vt 0.062927 0.346925
vt 0.048020 0.346925
vt 0.033136 0.346925
vt 0.018278 0.346925
vt 0.003087 0.346925
vt 0.476046 0.346925
vt 0.461327 0.346925
vt 0.446742 0.346925
vt 0.432091 0.346925
vt 0.417429 0.346925
vt 0.402768 0.346925
vt 0.388113 0.346925
vt 0.373459 0.346925
vt 0.358798 0.346925
vt 0.344130 0.346925
vt 0.329450 0.346925
vt 0.314756 0.346925
vt 0.300076 0.346925
vt 0.285352 0.346925
vt 0.270608 0.346925
vt 0.255850 0.346925
vt 0.241073 0.346925
vt 0.226281 0.346925
vt 0.211474 0.346925
vt 0.196654 0.346925
vt 0.181822 0.346925
vt 0.166982 0.346925
vt 0.152134 0.346925
vt 0.137281 0.346925
vt 0.003087 0.280384
vt 0.476046 0.280384
vt 0.461327 0.280384
vt 0.446742 0.280384
vt 0.432091 0.280384
vt 0.417429 0.280384
vt 0.402768 0.280384
vt 0.388113 0.280384
vt 0.373459 0.280384
vt 0.358798 0.280384
vt 0.344130 0.280384
vt 0.329450 0.280384
vt 0.314756 0.280384
vt 0.300076 0.280384
vt 0.285352 0.280384
vt 0.270608 0.280384
vt 0.255850 0.280384
vt 0.241073 0.280384
vt 0.226281 0.280384
vt 0.211474 0.280384
vt 0.196654 0.280384
vt 0.181822 0.280384
vt 0.166982 0.280384
vt 0.152134 0.280384
vt 0.137281 0.280384
vt 0.122423 0.280384
vt 0.107558 0.280384
vt 0.092694 0.280384
vt 0.077812 0.280384
vt 0.062927 0.280384
vt 0.048020 0.280384
vt 0.033136 0.280384
vt 0.018278 0.280384
vt 0.122423 0.363588
vt 0.196654 0.379187
vt 0.211474 0.379187
vt 0.226281 0.379187
vt 0.241073 0.379187
vt 0.255850 0.379187
vt 0.270608 0.379187
vt 0.285352 0.379187
vt 0.300076 0.379187
vt 0.314756 0.379187
vt 0.329450 0.379187
vt 0.344130 0.379187
vt 0.358798 0.379187
vt 0.373459 0.379187
vt 0.388113 0.379187
vt 0.402768 0.379187
vt 0.417429 0.379187
vt 0.432091 0.379187
vt 0.446742 0.379187
vt 0.461327 0.379187
vt 0.003087 0.379187
vt 0.476046 0.379187
vt 0.018278 0.379187
vt 0.033136 0.379187
vt 0.048020 0.379187
vt 0.062927 0.379187
vt 0.077812 0.379187
vt 0.092694 0.379187
vt 0.107558 0.379187
vt 0.137281 0.379187
vt 0.152134 0.379187
vt 0.166982 0.379187
vt 0.181822 0.379187
vt 0.122423 0.456802
vt 0.300969 0.992797
vt 0.107558 0.456802
vt 0.313398 0.992797
vt 0.092694 0.456802
vt 0.325837 0.992797
vt 0.077812 0.456802
vt 0.338289 0.992797
vt 0.062927 0.456802
vt 0.350759 0.992797
vt 0.048020 0.456802
vt 0.363249 0.992797
vt 0.033136 0.456802
vt 0.375734 0.992797
vt 0.018278 0.456802
vt 0.388191 0.992797
vt 0.003424 0.992797
vt 0.400943 0.992797
vt 0.003087 0.456802
vt 0.476046 0.456802
vt 0.015932 0.992797
vt 0.461327 0.456802
vt 0.028431 0.992797
vt 0.446742 0.456802
vt 0.040865 0.992797
vt 0.432091 0.456802
vt 0.053269 0.992797
vt 0.417429 0.456802
vt 0.065652 0.992797
vt 0.402768 0.456802
vt 0.078021 0.992797
vt 0.388113 0.456802
vt 0.090381 0.992797
vt 0.373459 0.456802
vt 0.102738 0.992797
vt 0.358798 0.456802
vt 0.115096 0.992797
vt 0.344130 0.456802
vt 0.127455 0.992797
vt 0.329450 0.456802
vt 0.139819 0.992797
vt 0.314756 0.456802
vt 0.152187 0.992797
vt 0.300076 0.456802
vt 0.164561 0.992797
vt 0.285352 0.456802
vt 0.176939 0.992797
vt 0.270608 0.456802
vt 0.189323 0.992797
vt 0.255850 0.456802
vt 0.201711 0.992797
vt 0.241073 0.456802
vt 0.226281 0.456802
vt 0.214104 0.992797
vt 0.211474 0.456802
vt 0.226501 0.992797
vt 0.196654 0.456802
vt 0.238902 0.992797
vt 0.181822 0.456802
vt 0.251307 0.992797
vt 0.166982 0.456802
vt 0.263715 0.992797
vt 0.152134 0.456802
vt 0.276127 0.992797
vt 0.137281 0.456802
vt 0.288543 0.992797
vt 0.285352 0.393732
vt 0.300076 0.393732
vt 0.314756 0.393732
vt 0.329450 0.393732
vt 0.344130 0.393732
vt 0.358798 0.393732
vt 0.373459 0.393732
vt 0.388113 0.393732
vt 0.402768 0.393732
vt 0.417429 0.393732
vt 0.432091 0.393732
vt 0.446742 0.393732
vt 0.461327 0.393732
vt 0.003087 0.393732
vt 0.476046 0.393732
vt 0.018278 0.393732
vt 0.033136 0.393732
vt 0.048020 0.393732
vt 0.062927 0.393732
vt 0.077812 0.393732
vt 0.092694 0.393732
vt 0.107558 0.393732
vt 0.122423 0.379187
vt 0.137281 0.393732
vt 0.152134 0.393732
vt 0.166982 0.393732
vt 0.181822 0.393732
vt 0.196654 0.393732
vt 0.211474 0.393732
vt 0.226281 0.393732
vt 0.241073 0.393732
vt 0.255850 0.393732
vt 0.270608 0.393732
vt 0.107558 0.441762
vt 0.092694 0.441762
vt 0.077812 0.441762
vt 0.062927 0.441762
vt 0.048020 0.441762
vt 0.033136 0.441762
vt 0.018278 0.441762
vt 0.003087 0.441762
vt 0.476046 0.441762
vt 0.461327 0.441762
vt 0.446742 0.441762
vt 0.432091 0.441762
vt 0.417429 0.441762
vt 0.402768 0.441762
vt 0.388113 0.441762
vt 0.373459 0.441762
vt 0.358798 0.441762
vt 0.344130 0.441762
vt 0.329450 0.441762
vt 0.314756 0.441762
vt 0.300076 0.441762
vt 0.285352 0.441762
vt 0.270608 0.441762
vt 0.255850 0.441762
vt 0.241073 0.441762
vt 0.226281 0.441762
vt 0.211474 0.441762
vt 0.196654 0.441762
vt 0.181822 0.441762
vt 0.166982 0.441762
vt 0.152134 0.441762
vt 0.137281 0.408781
vt 0.122423 0.393732
vt 0.241073 0.408781
vt 0.226281 0.408781
vt 0.211474 0.408781
vt 0.196654 0.408781
vt 0.181822 0.408781
vt 0.166982 0.408781
vt 0.152134 0.408781
vt 0.137281 0.424866
vt 0.122423 0.408781
vt 0.107558 0.408781
vt 0.092694 0.408781
vt 0.077812 0.408781
vt 0.062927 0.408781
vt 0.048020 0.408781
vt 0.033136 0.408781
vt 0.018278 0.408781
vt 0.003087 0.408781
vt 0.476046 0.408781
vt 0.461327 0.408781
vt 0.446742 0.408781
vt 0.432091 0.408781
vt 0.417429 0.408781
vt 0.402768 0.408781
vt 0.388113 0.408781
vt 0.373459 0.408781
vt 0.358798 0.408781
vt 0.344130 0.408781
vt 0.329450 0.408781
vt 0.314756 0.408781
vt 0.300076 0.408781
vt 0.285352 0.408781
vt 0.270608 0.408781
vt 0.255850 0.408781
vt 0.122423 0.424866
vt 0.107558 0.424866
vt 0.092694 0.424866
vt 0.077812 0.424866
vt 0.062927 0.424866
vt 0.048020 0.424866
vt 0.033136 0.424866
vt 0.018278 0.424866
vt 0.003087 0.424866
vt 0.476046 0.424866
vt 0.461327 0.424866
vt 0.446742 0.424866
vt 0.432091 0.424866
vt 0.417429 0.424866
vt 0.402768 0.424866
vt 0.388113 0.424866
vt 0.373459 0.424866
vt 0.358798 0.424866
vt 0.344130 0.424866
vt 0.329450 0.424866
vt 0.314756 0.424866
vt 0.300076 0.424866
vt 0.285352 0.424866
vt 0.270608 0.424866
vt 0.255850 0.424866
vt 0.241073 0.424866
vt 0.226281 0.424866
vt 0.211474 0.424866
vt 0.196654 0.424866
vt 0.181822 0.424866
vt 0.166982 0.424866
vt 0.152134 0.424866
vt 0.137281 0.441762
vt 0.152134 0.363588
vt 0.166982 0.363588
vt 0.181822 0.363588
vt 0.196654 0.363588
vt 0.211474 0.363588
vt 0.226281 0.363588
vt 0.241073 0.363588
vt 0.255850 0.363588
vt 0.270608 0.363588
vt 0.285352 0.363588
vt 0.300076 0.363588
vt 0.314756 0.363588
vt 0.329450 0.363588
vt 0.344130 0.363588
vt 0.358798 0.363588
vt 0.373459 0.363588
vt 0.388113 0.363588
vt 0.402768 0.363588
vt 0.417429 0.363588
vt 0.432091 0.363588
vt 0.446742 0.363588
vt 0.461327 0.363588
vt 0.003087 0.363588
vt 0.476046 0.363588
vt 0.018278 0.363588
vt 0.033136 0.363588
vt 0.048020 0.363588
vt 0.062927 0.363588
vt 0.077812 0.363588
vt 0.092694 0.363588
vt 0.107558 0.363588
vt 0.122423 0.346925
vt 0.137281 0.363588
vt 0.122423 0.355209
vt 0.107558 0.355209
vt 0.092694 0.355209
vt 0.077812 0.355209
vt 0.062927 0.355209
vt 0.048020 0.355209
vt 0.033136 0.355209
vt 0.018278 0.355209
vt 0.003087 0.355209
vt 0.476046 0.355209
vt 0.461327 0.355209
vt 0.446742 0.355209
vt 0.432091 0.355209
vt 0.417429 0.355209
vt 0.402768 0.355209
vt 0.388113 0.355209
vt 0.373459 0.355209
vt 0.358798 0.355209
vt 0.344130 0.355209
vt 0.329450 0.355209
vt 0.314756 0.355209
vt 0.300076 0.355209
vt 0.285352 0.355209
vt 0.270608 0.355209
vt 0.255850 0.355209
vt 0.241073 0.355209
vt 0.226281 0.355209
vt 0.211474 0.355209
vt 0.196654 0.355209
vt 0.181822 0.355209
vt 0.166982 0.355209
vt 0.152134 0.355209
vt 0.137281 0.355209
vn -0.698955 0.698955 -0.151405
vn -0.821884 0.549166 -0.151405
vn -0.913229 0.378271 -0.151405
vn -0.969479 0.192840 -0.151405
vn -0.988472 -0.000000 -0.151405
vn -0.969479 -0.192841 -0.151405
vn -0.913229 -0.378272 -0.151405
vn -0.821884 -0.549166 -0.151406
vn -0.698955 -0.698956 -0.151406
vn -0.549165 -0.821884 -0.151406
vn -0.378271 -0.913229 -0.151406
vn -0.192840 -0.969479 -0.151405
vn 0.000000 -0.988472 -0.151405
vn 0.192842 -0.969479 -0.151405
vn 0.378272 -0.913229 -0.151405
vn 0.549166 -0.821884 -0.151405
vn 0.698956 -0.698954 -0.151405
vn -0.000001 0.907390 -0.420290
vn -0.000001 0.907390 -0.420290
vn -0.177023 0.889954 -0.420290
vn -0.347244 0.838318 -0.420291
vn -0.504119 0.754467 -0.420290
vn -0.641621 0.641622 -0.420290
vn -0.754467 0.504119 -0.420290
vn -0.838319 0.347243 -0.420290
vn -0.889955 0.177022 -0.420290
vn -0.907390 -0.000000 -0.420290
vn -0.889954 -0.177023 -0.420291
vn -0.838318 -0.347244 -0.420291
vn -0.754467 -0.504119 -0.420291
vn -0.641621 -0.641621 -0.420290
vn -0.504118 -0.754467 -0.420291
vn -0.347242 -0.838319 -0.420291
vn -0.177022 -0.889955 -0.420290
vn 0.000000 -0.907390 -0.420290
vn 0.177024 -0.889954 -0.420290
vn 0.347244 -0.838318 -0.420290
vn 0.504120 -0.754466 -0.420290
vn 0.641622 -0.641621 -0.420291
vn 0.754468 -0.504118 -0.420290
vn 0.838320 -0.347241 -0.420290
vn 0.889955 -0.177021 -0.420290
vn 0.907390 0.000001 -0.420289
vn 0.889955 0.177024 -0.420289
vn 0.838318 0.347244 -0.420290
vn 0.754466 0.504120 -0.420290
vn 0.641621 0.641622 -0.420290
vn 0.504117 0.754468 -0.420290
vn 0.347241 0.838320 -0.420290
vn 0.177022 0.889955 -0.420290
vn -0.000001 0.801854 -0.597520
vn -0.000001 0.801854 -0.597520
vn -0.156433 0.786446 -0.597521
vn -0.306856 0.740816 -0.597520
vn -0.445486 0.666717 -0.597520
vn -0.566996 0.566996 -0.597520
vn -0.666717 0.445486 -0.597520
vn -0.740816 0.306856 -0.597520
vn -0.786446 0.156434 -0.597520
vn -0.801854 -0.000000 -0.597520
vn -0.786446 -0.156434 -0.597520
vn -0.740816 -0.306857 -0.597521
vn -0.666716 -0.445487 -0.597521
vn -0.566996 -0.566997 -0.597520
vn -0.445485 -0.666718 -0.597520
vn -0.306855 -0.740817 -0.597520
vn -0.156433 -0.786446 -0.597521
vn 0.000001 -0.801854 -0.597521
vn 0.156435 -0.786446 -0.597521
vn 0.306857 -0.740816 -0.597520
vn 0.445487 -0.666717 -0.597520
vn 0.566997 -0.566995 -0.597520
vn 0.666717 -0.445486 -0.597520
vn 0.740817 -0.306855 -0.597520
vn 0.786447 -0.156432 -0.597520
vn 0.801854 0.000002 -0.597520
vn 0.786446 0.156435 -0.597521
vn 0.740816 0.306857 -0.597520
vn 0.666716 0.445488 -0.597520
vn 0.566995 0.566997 -0.597520
vn 0.445485 0.666718 -0.597520
vn 0.306854 0.740818 -0.597520
vn 0.156432 0.786447 -0.597520
vn -0.000001 0.900545 -0.434762
vn -0.000001 0.900545 -0.434762
vn -0.175687 0.883242 -0.434762
vn -0.344623 0.831996 -0.434762
vn -0.500316 0.748776 -0.434762
vn -0.636781 0.636782 -0.434762
vn -0.748776 0.500316 -0.434763
vn -0.831995 0.344624 -0.434762
vn -0.883242 0.175688 -0.434762
vn -0.900545 -0.000000 -0.434762
vn -0.883241 -0.175688 -0.434762
vn -0.831995 -0.344624 -0.434762
vn -0.748776 -0.500316 -0.434762
vn -0.636781 -0.636782 -0.434762
vn -0.500315 -0.748777 -0.434762
vn -0.344623 -0.831996 -0.434762
vn -0.175687 -0.883242 -0.434762
vn 0.000001 -0.900545 -0.434762
vn 0.175688 -0.883242 -0.434762
vn 0.344625 -0.831995 -0.434762
vn 0.500317 -0.748775 -0.434762
vn 0.636783 -0.636781 -0.434763
vn 0.748776 -0.500316 -0.434762
vn 0.831996 -0.344623 -0.434762
vn 0.883242 -0.175685 -0.434762
vn 0.900545 0.000002 -0.434762
vn 0.883241 0.175690 -0.434762
vn 0.831995 0.344625 -0.434762
vn 0.748775 0.500318 -0.434762
vn 0.636781 0.636783 -0.434761
vn 0.500316 0.748776 -0.434762
vn 0.344622 0.831996 -0.434762
vn 0.175685 0.883242 -0.434762
vn 0.988472 0.000001 -0.151405
vn 0.969479 0.192841 -0.151405
vn 0.913229 0.378272 -0.151405
vn 0.821884 0.549166 -0.151405
vn 0.698955 0.698956 -0.151405
vn 0.549165 0.821885 -0.151405
vn 0.378271 0.913229 -0.151405
vn 0.192840 0.969479 -0.151405
vn -0.000000 0.988472 -0.151405
vn -0.000000 0.988472 -0.151405
vn -0.192841 0.969479 -0.151405
vn -0.378272 0.913229 -0.151405
vn -0.549166 0.821884 -0.151405
vn 0.821885 -0.549164 -0.151405
vn 0.913230 -0.378270 -0.151405
vn 0.969479 -0.192839 -0.151405
vn 0.995160 0.000000 0.098264
vn 0.976039 -0.194146 0.098264
vn -0.000001 0.993379 -0.114880
vn -0.000001 0.993379 -0.114880
vn 0.000000 -0.114880 -0.993379
vn 0.000000 -0.114880 -0.993379
vn -0.193798 0.974292 -0.114880
vn 0.022412 -0.112672 -0.993379
vn -0.380150 0.917763 -0.114879
vn 0.043961 -0.106134 -0.993380
vn -0.551892 0.825965 -0.114880
vn 0.063822 -0.095519 -0.993380
vn -0.702425 0.702426 -0.114880
vn 0.081230 -0.081233 -0.993380
vn -0.825964 0.551893 -0.114880
vn 0.095518 -0.063824 -0.993379
vn -0.917763 0.380150 -0.114880
vn 0.106136 -0.043963 -0.993379
vn -0.974292 0.193798 -0.114880
vn 0.112673 -0.022412 -0.993379
vn -0.993379 -0.000000 -0.114880
vn 0.114879 0.000000 -0.993379
vn -0.974292 -0.193799 -0.114880
vn 0.112676 0.022412 -0.993379
vn -0.917763 -0.380150 -0.114880
vn 0.106139 0.043963 -0.993379
vn -0.825965 -0.551892 -0.114880
vn 0.095521 0.063825 -0.993379
vn -0.702425 -0.702425 -0.114880
vn 0.081235 0.081233 -0.993379
vn -0.551892 -0.825965 -0.114880
vn 0.063825 0.095518 -0.993379
vn -0.380149 -0.917763 -0.114880
vn 0.043963 0.106134 -0.993379
vn -0.193798 -0.974292 -0.114881
vn 0.022412 0.112673 -0.993379
vn 0.000000 0.114882 -0.993379
vn 0.000001 -0.993379 -0.114880
vn -0.022411 0.112674 -0.993379
vn 0.193800 -0.974292 -0.114880
vn -0.043963 0.106136 -0.993379
vn 0.380151 -0.917762 -0.114880
vn -0.063825 0.095519 -0.993379
vn 0.551893 -0.825964 -0.114880
vn -0.081235 0.081232 -0.993379
vn 0.702427 -0.702424 -0.114879
vn -0.095521 0.063825 -0.993379
vn 0.825965 -0.551892 -0.114879
vn -0.106134 0.043963 -0.993379
vn 0.917763 -0.380149 -0.114880
vn -0.112669 0.022412 -0.993380
vn 0.974292 -0.193796 -0.114880
vn -0.114879 -0.000000 -0.993379
vn 0.993379 0.000002 -0.114879
vn -0.112676 -0.022413 -0.993379
vn 0.974292 0.193801 -0.114879
vn -0.106137 -0.043963 -0.993379
vn 0.917762 0.380152 -0.114879
vn -0.095520 -0.063824 -0.993379
vn 0.825963 0.551894 -0.114880
vn -0.081233 -0.081232 -0.993379
vn 0.702424 0.702426 -0.114879
vn -0.063825 -0.095520 -0.993379
vn 0.551892 0.825965 -0.114880
vn -0.043963 -0.106137 -0.993379
vn 0.380148 0.917763 -0.114880
vn -0.022412 -0.112674 -0.993379
vn 0.193796 0.974292 -0.114880
vn 0.554555 -0.829948 0.060454
vn 0.381984 -0.922189 0.060454
vn 0.194734 -0.978991 0.060455
vn 0.000001 -0.998171 0.060454
vn -0.194732 -0.978992 0.060454
vn -0.381983 -0.922190 0.060454
vn -0.554554 -0.829949 0.060454
vn -0.705813 -0.705814 0.060454
vn -0.829948 -0.554555 0.060455
vn -0.922189 -0.381984 0.060454
vn -0.978991 -0.194734 0.060454
vn -0.998171 0.000000 0.060454
vn -0.978991 0.194733 0.060454
vn -0.922190 0.381983 0.060454
vn -0.829949 0.554554 0.060454
vn -0.705814 0.705813 0.060454
vn -0.554555 0.829948 0.060454
vn -0.381984 0.922190 0.060455
vn -0.194733 0.978992 0.060455
vn -0.000000 0.998171 0.060455
vn -0.000000 0.998171 0.060455
vn 0.194733 0.978992 0.060455
vn 0.381984 0.922190 0.060455
vn 0.554554 0.829949 0.060455
vn 0.705813 0.705813 0.060455
vn 0.829948 0.554555 0.060455
vn 0.922190 0.381984 0.060455
vn 0.978992 0.194732 0.060455
vn 0.998171 0.000000 0.060454
vn 0.978992 -0.194732 0.060454
vn 0.922191 -0.381981 0.060454
vn 0.829950 -0.554552 0.060454
vn 0.705814 -0.705813 0.060455
vn -0.547905 -0.819998 0.165539
vn -0.697351 -0.697351 0.165539
vn -0.819998 -0.547906 0.165538
vn -0.911133 -0.377405 0.165538
vn -0.967254 -0.192399 0.165538
vn -0.986203 -0.000000 0.165538
vn -0.967254 0.192399 0.165538
vn -0.911133 0.377403 0.165538
vn -0.819998 0.547905 0.165539
vn -0.697351 0.697351 0.165539
vn -0.547905 0.819998 0.165539
vn -0.377403 0.911133 0.165539
vn -0.192398 0.967254 0.165539
vn 0.000000 0.986203 0.165539
vn 0.000000 0.986203 0.165539
vn 0.192398 0.967254 0.165539
vn 0.377403 0.911133 0.165539
vn 0.547906 0.819998 0.165539
vn 0.697352 0.697350 0.165539
vn 0.819998 0.547905 0.165539
vn 0.911133 0.377404 0.165539
vn 0.967254 0.192399 0.165539
vn 0.986203 0.000000 0.165539
vn 0.967254 -0.192397 0.165539
vn 0.911134 -0.377402 0.165539
vn 0.819999 -0.547904 0.165539
vn 0.697352 -0.697350 0.165539
vn 0.547906 -0.819998 0.165538
vn 0.377405 -0.911133 0.165538
vn 0.192399 -0.967254 0.165538
vn 0.000001 -0.986203 0.165539
vn -0.192397 -0.967254 0.165538
vn -0.377403 -0.911133 0.165538
vn 0.976039 0.194147 0.098264
vn 0.919408 0.380832 0.098264
vn 0.827445 0.552882 0.098264
vn 0.703685 0.703684 0.098264
vn 0.552882 0.827445 0.098265
vn 0.380831 0.919408 0.098265
vn 0.194146 0.976039 0.098264
vn 0.000000 0.995160 0.098264
vn 0.000000 0.995160 0.098264
vn -0.194146 0.976039 0.098265
vn -0.380832 0.919408 0.098265
vn -0.552882 0.827446 0.098264
vn -0.703684 0.703685 0.098264
vn -0.827445 0.552882 0.098264
vn -0.919408 0.380831 0.098264
vn -0.976039 0.194146 0.098264
vn -0.995160 0.000000 0.098264
vn -0.976038 -0.194147 0.098264
vn -0.919408 -0.380833 0.098264
vn -0.827445 -0.552883 0.098264
vn -0.703683 -0.703686 0.098264
vn -0.552881 -0.827446 0.098264
vn -0.380831 -0.919408 0.098264
vn -0.194145 -0.976039 0.098264
vn 0.000001 -0.995160 0.098264
vn 0.194147 -0.976038 0.098265
vn 0.380832 -0.919408 0.098264
vn 0.552882 -0.827445 0.098264
vn 0.703685 -0.703684 0.098264
vn 0.827446 -0.552882 0.098264
vn 0.919409 -0.380830 0.098264
vn 0.520689 -0.779265 0.348753
vn 0.358657 -0.865873 0.348753
vn 0.182843 -0.919206 0.348753
vn 0.000001 -0.937215 0.348752
vn -0.182841 -0.919207 0.348753
vn -0.358656 -0.865874 0.348753
vn -0.520688 -0.779266 0.348753
vn -0.662710 -0.662712 0.348752
vn -0.779265 -0.520689 0.348752
vn -0.865874 -0.358657 0.348753
vn -0.919206 -0.182843 0.348753
vn -0.937215 -0.000000 0.348753
vn -0.919206 0.182842 0.348753
vn -0.865873 0.358656 0.348753
vn -0.779266 0.520689 0.348753
vn -0.662711 0.662711 0.348753
vn -0.520689 0.779265 0.348753
vn -0.358657 0.865873 0.348753
vn -0.182841 0.919206 0.348753
vn 0.000000 0.937215 0.348753
vn 0.000000 0.937215 0.348753
vn 0.182841 0.919206 0.348753
vn 0.358657 0.865873 0.348753
vn 0.520689 0.779265 0.348753
vn 0.662711 0.662711 0.348753
vn 0.779266 0.520689 0.348753
vn 0.865874 0.358656 0.348753
vn 0.919206 0.182842 0.348753
vn 0.937215 0.000000 0.348753
vn 0.919207 -0.182840 0.348753
vn 0.865874 -0.358655 0.348753
vn 0.779266 -0.520688 0.348753
vn 0.662712 -0.662710 0.348753
vn 0.000001 -0.886747 0.462255
vn 0.172997 -0.869709 0.462254
vn 0.339344 -0.819248 0.462254
vn 0.492651 -0.737303 0.462255
vn 0.627025 -0.627025 0.462255
vn 0.737304 -0.492649 0.462254
vn 0.819249 -0.339341 0.462254
vn 0.869709 -0.172995 0.462254
vn 0.886748 -0.000000 0.462254
vn 0.869709 0.172996 0.462254
vn 0.819248 0.339343 0.462254
vn 0.737303 0.492650 0.462255
vn 0.627025 0.627025 0.462254
vn 0.492651 0.737303 0.462254
vn 0.339344 0.819248 0.462254
vn 0.172995 0.869709 0.462254
vn -0.000000 0.886747 0.462255
vn -0.000000 0.886747 0.462255
vn -0.172995 0.869709 0.462255
vn -0.339344 0.819248 0.462255
vn -0.492651 0.737303 0.462254
vn -0.627026 0.627025 0.462254
vn -0.737304 0.492650 0.462254
vn -0.819248 0.339343 0.462254
vn -0.869709 0.172996 0.462254
vn -0.886747 -0.000000 0.462254
vn -0.869708 -0.172997 0.462255
vn -0.819247 -0.339344 0.462255
vn -0.737303 -0.492651 0.462254
vn -0.627025 -0.627025 0.462254
vn -0.492651 -0.737303 0.462254
vn -0.339343 -0.819248 0.462254
vn -0.172995 -0.869709 0.462255
vn 0.930945 0.000000 0.365158
vn 0.913057 0.181618 0.365159
vn 0.860081 0.356257 0.365158
vn 0.774053 0.517206 0.365158
vn 0.658279 0.658277 0.365158
vn 0.517206 0.774053 0.365158
vn 0.356258 0.860081 0.365159
vn 0.181618 0.913058 0.365158
vn -0.000000 0.930945 0.365158
vn -0.000000 0.930945 0.365158
vn -0.181618 0.913058 0.365158
vn -0.356257 0.860081 0.365158
vn -0.517206 0.774052 0.365158
vn -0.658278 0.658278 0.365158
vn -0.774053 0.517206 0.365158
vn -0.860082 0.356257 0.365158
vn -0.913058 0.181619 0.365158
vn -0.930945 0.000000 0.365160
vn -0.913057 -0.181619 0.365159
vn -0.860082 -0.356257 0.365158
vn -0.774053 -0.517206 0.365158
vn -0.658277 -0.658278 0.365158
vn -0.517205 -0.774053 0.365158
vn -0.356256 -0.860082 0.365158
vn -0.181617 -0.913058 0.365158
vn 0.000001 -0.930946 0.365157
vn 0.181619 -0.913058 0.365158
vn 0.356258 -0.860081 0.365158
vn 0.517206 -0.774053 0.365158
vn 0.658278 -0.658278 0.365158
vn 0.774054 -0.517204 0.365158
vn 0.860083 -0.356255 0.365158
vn 0.913058 -0.181617 0.365158
vn -0.000000 0.946674 -0.322194
vn -0.000000 0.946674 -0.322194
vn -0.184687 0.928483 -0.322194
vn -0.362276 0.874612 -0.322195
vn -0.525944 0.787130 -0.322195
vn -0.669399 0.669399 -0.322195
vn -0.787130 0.525943 -0.322195
vn -0.874612 0.362276 -0.322195
vn -0.928483 0.184686 -0.322195
vn -0.946673 -0.000000 -0.322195
vn -0.928483 -0.184687 -0.322195
vn -0.874612 -0.362277 -0.322196
vn -0.787130 -0.525944 -0.322196
vn -0.669399 -0.669399 -0.322196
vn -0.525943 -0.787130 -0.322196
vn -0.362275 -0.874612 -0.322196
vn -0.184685 -0.928483 -0.322195
vn 0.000000 -0.946673 -0.322195
vn 0.184687 -0.928483 -0.322195
vn 0.362277 -0.874612 -0.322195
vn 0.525944 -0.787129 -0.322195
vn 0.669400 -0.669398 -0.322195
vn 0.787131 -0.525942 -0.322195
vn 0.874613 -0.362275 -0.322195
vn 0.928484 -0.184685 -0.322195
vn 0.946673 0.000001 -0.322195
vn 0.928483 0.184687 -0.322195
vn 0.874612 0.362277 -0.322195
vn 0.787129 0.525945 -0.322195
vn 0.669398 0.669400 -0.322195
vn 0.525942 0.787131 -0.322196
vn 0.362275 0.874613 -0.322195
vn 0.184686 0.928484 -0.322194
vn -0.000001 0.873977 -0.485967
vn -0.000001 0.873977 -0.485967
vn -0.170504 0.857184 -0.485967
vn -0.334457 0.807449 -0.485967
vn -0.485556 0.726685 -0.485967
vn -0.617996 0.617995 -0.485967
vn -0.726685 0.485556 -0.485967
vn -0.807450 0.334457 -0.485967
vn -0.857184 0.170504 -0.485967
vn -0.873977 -0.000000 -0.485967
vn -0.857184 -0.170505 -0.485967
vn -0.807449 -0.334457 -0.485967
vn -0.726685 -0.485556 -0.485967
vn -0.617995 -0.617995 -0.485967
vn -0.485555 -0.726686 -0.485967
vn -0.334456 -0.807450 -0.485967
vn -0.170504 -0.857184 -0.485967
vn 0.000001 -0.873977 -0.485967
vn 0.170505 -0.857184 -0.485967
vn 0.334458 -0.807449 -0.485967
vn 0.485556 -0.726685 -0.485967
vn 0.617996 -0.617994 -0.485967
vn 0.726686 -0.485555 -0.485967
vn 0.807450 -0.334455 -0.485967
vn 0.857185 -0.170503 -0.485966
vn 0.873978 0.000002 -0.485966
vn 0.857184 0.170505 -0.485967
vn 0.807449 0.334458 -0.485967
vn 0.726684 0.485557 -0.485967
vn 0.617994 0.617996 -0.485967
vn 0.485554 0.726686 -0.485967
vn 0.334455 0.807450 -0.485967
vn 0.170503 0.857184 -0.485967
vn -0.000001 0.784627 -0.619968
vn -0.000001 0.784627 -0.619968
vn -0.153073 0.769551 -0.619968
vn -0.300263 0.724901 -0.619968
vn -0.435915 0.652394 -0.619968
vn -0.554815 0.554816 -0.619968
vn -0.652394 0.435916 -0.619968
vn -0.724901 0.300264 -0.619968
vn -0.769551 0.153073 -0.619968
vn -0.784627 -0.000000 -0.619968
vn -0.769551 -0.153074 -0.619968
vn -0.724901 -0.300264 -0.619968
vn -0.652394 -0.435916 -0.619968
vn -0.554815 -0.554816 -0.619967
vn -0.435915 -0.652394 -0.619968
vn -0.300263 -0.724902 -0.619968
vn -0.153073 -0.769551 -0.619968
vn 0.000001 -0.784627 -0.619968
vn 0.153074 -0.769551 -0.619968
vn 0.300265 -0.724901 -0.619968
vn 0.435916 -0.652393 -0.619968
vn 0.554816 -0.554815 -0.619968
vn 0.652394 -0.435915 -0.619968
vn 0.724901 -0.300263 -0.619968
vn 0.769551 -0.153071 -0.619968
vn 0.784627 0.000002 -0.619968
vn 0.769550 0.153075 -0.619968
vn 0.724900 0.300265 -0.619968
vn 0.652393 0.435917 -0.619968
vn 0.554815 0.554816 -0.619967
vn 0.435916 0.652394 -0.619967
vn 0.300262 0.724903 -0.619967
vn 0.153071 0.769552 -0.619967
vn 0.980761 0.195085 -0.007096
vn 0.972159 0.000000 0.234324
vn 0.923856 0.382674 -0.007096
vn 0.831448 0.555557 -0.007096
vn 0.707089 0.707089 -0.007096
vn 0.555556 0.831449 -0.007096
vn 0.382673 0.923857 -0.007096
vn 0.195084 0.980761 -0.007096
vn -0.000000 0.999975 -0.007096
vn -0.000000 0.999975 -0.007096
vn -0.195085 0.980761 -0.007096
vn -0.382674 0.923856 -0.007096
vn -0.555556 0.831449 -0.007096
vn -0.707089 0.707089 -0.007096
vn -0.831449 0.555556 -0.007096
vn -0.923856 0.382673 -0.007096
vn -0.980761 0.195085 -0.007096
vn -0.999975 0.000000 -0.007096
vn -0.980761 -0.195085 -0.007096
vn -0.923856 -0.382674 -0.007096
vn -0.831449 -0.555556 -0.007096
vn -0.707088 -0.707090 -0.007097
vn -0.555556 -0.831449 -0.007096
vn -0.382672 -0.923857 -0.007096
vn -0.195084 -0.980761 -0.007097
vn 0.000000 -0.999975 -0.007096
vn 0.195086 -0.980760 -0.007096
vn 0.382675 -0.923856 -0.007096
vn 0.555557 -0.831448 -0.007096
vn 0.707090 -0.707088 -0.007096
vn 0.831449 -0.555555 -0.007096
vn 0.923857 -0.382672 -0.007096
vn 0.980761 -0.195083 -0.007096
vn -0.000001 0.980799 -0.195023
vn -0.000001 0.980799 -0.195023
vn -0.191344 0.961953 -0.195023
vn -0.375335 0.906140 -0.195023
vn -0.544903 0.815504 -0.195023
vn -0.693529 0.693530 -0.195024
vn -0.815504 0.544903 -0.195023
vn -0.906140 0.375335 -0.195023
vn -0.961953 0.191344 -0.195023
vn -0.980799 -0.000000 -0.195023
vn -0.961953 -0.191344 -0.195023
vn -0.906140 -0.375336 -0.195023
vn -0.815504 -0.544903 -0.195024
vn -0.693529 -0.693530 -0.195023
vn -0.544902 -0.815505 -0.195023
vn -0.375335 -0.906140 -0.195023
vn -0.191343 -0.961953 -0.195023
vn 0.000001 -0.980799 -0.195023
vn 0.191345 -0.961953 -0.195023
vn 0.375336 -0.906139 -0.195023
vn 0.544904 -0.815503 -0.195023
vn 0.693531 -0.693528 -0.195023
vn 0.815504 -0.544902 -0.195023
vn 0.906140 -0.375334 -0.195023
vn 0.961953 -0.191342 -0.195023
vn 0.980799 0.000002 -0.195023
vn 0.961953 0.191347 -0.195022
vn 0.906139 0.375337 -0.195023
vn 0.815503 0.544905 -0.195023
vn 0.693528 0.693531 -0.195023
vn 0.544902 0.815505 -0.195023
vn 0.375333 0.906141 -0.195023
vn 0.191341 0.961953 -0.195023
vn 0.998387 0.000001 0.056771
vn 0.553129 -0.827815 0.093647
vn 0.381002 -0.919819 0.093647
vn 0.194233 -0.976475 0.093647
vn 0.000001 -0.995605 0.093647
vn -0.194232 -0.976476 0.093646
vn -0.381001 -0.919820 0.093647
vn -0.553128 -0.827816 0.093648
vn -0.703999 -0.704000 0.093647
vn -0.827815 -0.553130 0.093647
vn -0.919819 -0.381003 0.093647
vn -0.976475 -0.194234 0.093647
vn -0.995606 -0.000000 0.093646
vn -0.976475 0.194233 0.093647
vn -0.919819 0.381002 0.093647
vn -0.827815 0.553129 0.093647
vn -0.703999 0.703999 0.093647
vn -0.553129 0.827815 0.093647
vn -0.381001 0.919820 0.093648
vn -0.194232 0.976475 0.093647
vn -0.000000 0.995606 0.093646
vn -0.000000 0.995606 0.093646
vn 0.194232 0.976475 0.093647
vn 0.381002 0.919819 0.093648
vn 0.553129 0.827815 0.093647
vn 0.704000 0.703999 0.093647
vn 0.827815 0.553129 0.093647
vn 0.919820 0.381002 0.093648
vn 0.976475 0.194232 0.093647
vn 0.976475 -0.194231 0.093647
vn 0.919820 -0.381000 0.093648
vn 0.827817 -0.553127 0.093648
vn 0.704000 -0.703999 0.093647
vn -0.041018 -0.000000 0.999158
vn 0.999159 -0.000000 0.041014
vn -0.040234 -0.008002 0.999158
vn 0.979960 0.194926 0.041014
vn -0.037899 -0.015696 0.999158
vn 0.923102 0.382362 0.041013
vn -0.034106 -0.022787 0.999158
vn 0.830769 0.555104 0.041013
vn -0.029007 -0.029002 0.999158
vn 0.706513 0.706511 0.041014
vn -0.022785 -0.034103 0.999159
vn 0.555104 0.830769 0.041014
vn -0.015694 -0.037893 0.999159
vn 0.382361 0.923102 0.041014
vn -0.008002 -0.040227 0.999159
vn 0.194926 0.979960 0.041014
vn 0.000000 -0.041016 0.999159
vn 0.000000 -0.041016 0.999159
vn 0.000000 0.999159 0.041014
vn 0.000000 0.999159 0.041014
vn -0.194926 0.979960 0.041014
vn 0.008001 -0.040228 0.999159
vn -0.382362 0.923102 0.041014
vn 0.015695 -0.037894 0.999159
vn -0.555103 0.830770 0.041013
vn 0.022788 -0.034103 0.999158
vn -0.706512 0.706512 0.041013
vn 0.029004 -0.029002 0.999158
vn -0.830770 0.555103 0.041013
vn 0.034108 -0.022787 0.999158
vn -0.923103 0.382360 0.041013
vn 0.037899 -0.015696 0.999158
vn -0.979960 0.194925 0.041013
vn 0.040225 -0.008002 0.999159
vn -0.999159 0.000000 0.041013
vn 0.041008 0.000000 0.999159
vn -0.979960 -0.194927 0.041013
vn 0.040225 0.008003 0.999159
vn -0.923102 -0.382363 0.041013
vn 0.037894 0.015697 0.999158
vn -0.830769 -0.555104 0.041013
vn 0.034103 0.022786 0.999159
vn -0.706511 -0.706513 0.041013
vn 0.029004 0.029001 0.999158
vn -0.555103 -0.830770 0.041012
vn 0.022788 0.034103 0.999158
vn -0.382361 -0.923102 0.041013
vn 0.015695 0.037894 0.999159
vn -0.194924 -0.979960 0.041013
vn 0.008000 0.040228 0.999159
vn -0.000002 0.041016 0.999159
vn 0.000002 -0.999159 0.041013
vn -0.008002 0.040228 0.999159
vn 0.194927 -0.979960 0.041013
vn -0.015695 0.037894 0.999159
vn 0.382362 -0.923102 0.041013
vn -0.022785 0.034103 0.999159
vn 0.555104 -0.830770 0.041012
vn -0.029000 0.029001 0.999159
vn 0.706512 -0.706512 0.041012
vn -0.034101 0.022786 0.999159
vn 0.830770 -0.555103 0.041013
vn -0.037894 0.015697 0.999158
vn 0.923103 -0.382361 0.041013
vn -0.040230 0.008003 0.999158
vn 0.979960 -0.194926 0.041014
vn -0.536924 -0.803564 0.256902
vn -0.683374 -0.683375 0.256902
vn -0.803563 -0.536924 0.256902
vn -0.892871 -0.369840 0.256902
vn -0.947867 -0.188544 0.256903
vn -0.966437 0.000000 0.256903
vn -0.947867 0.188543 0.256903
vn -0.892872 0.369839 0.256902
vn -0.803563 0.536924 0.256902
vn -0.683374 0.683375 0.256903
vn -0.536924 0.803563 0.256903
vn -0.369840 0.892872 0.256902
vn -0.188542 0.947867 0.256903
vn 0.000000 0.966437 0.256903
vn 0.000000 0.966437 0.256903
vn 0.188542 0.947868 0.256902
vn 0.369839 0.892872 0.256903
vn 0.536924 0.803563 0.256903
vn 0.683374 0.683374 0.256903
vn 0.803563 0.536924 0.256903
vn 0.892872 0.369840 0.256903
vn 0.947867 0.188543 0.256903
vn 0.995605 0.000000 0.093647
vn 0.947868 -0.188541 0.256903
vn 0.892872 -0.369838 0.256903
vn 0.803564 -0.536923 0.256903
vn 0.683375 -0.683373 0.256903
vn 0.536925 -0.803563 0.256902
vn 0.369840 -0.892871 0.256902
vn 0.188544 -0.947867 0.256902
vn 0.000001 -0.966437 0.256902
vn -0.188541 -0.947868 0.256902
vn -0.369839 -0.892872 0.256902
vn 0.953479 0.189660 0.234324
vn 0.898157 0.372029 0.234324
vn 0.808320 0.540102 0.234324
vn 0.687420 0.687420 0.234324
vn 0.540103 0.808320 0.234325
vn 0.372030 0.898157 0.234325
vn 0.189659 0.953479 0.234324
vn 0.000000 0.972159 0.234324
vn 0.000000 0.972159 0.234324
vn -0.189658 0.953479 0.234325
vn -0.372028 0.898157 0.234324
vn -0.540103 0.808320 0.234324
vn -0.687420 0.687420 0.234323
vn -0.808320 0.540102 0.234324
vn -0.898158 0.372029 0.234324
vn -0.953479 0.189659 0.234325
vn -0.972158 0.000000 0.234325
vn -0.953478 -0.189660 0.234325
vn -0.898157 -0.372030 0.234324
vn -0.808320 -0.540103 0.234324
vn -0.687419 -0.687421 0.234324
vn -0.540102 -0.808320 0.234325
vn -0.372028 -0.898158 0.234324
vn -0.189657 -0.953479 0.234324
vn 0.000001 -0.972159 0.234324
vn 0.189660 -0.953479 0.234324
vn 0.372030 -0.898157 0.234324
vn 0.540103 -0.808320 0.234324
vn 0.687420 -0.687419 0.234324
vn 0.808321 -0.540101 0.234325
vn 0.898158 -0.372028 0.234325
vn 0.891846 -0.177398 0.416101
vn 0.966437 0.000000 0.256903
vn 0.000001 -0.909319 0.416101
vn 0.177400 -0.891846 0.416100
vn 0.347981 -0.840101 0.416101
vn 0.505191 -0.756070 0.416101
vn 0.642986 -0.642985 0.416101
vn 0.756072 -0.505189 0.416100
vn 0.840102 -0.347979 0.416101
vn 0.877087 -0.174462 0.447529
vn 0.909319 0.000000 0.416101
vn 0.891846 0.177399 0.416101
vn 0.840101 0.347981 0.416100
vn 0.756071 0.505190 0.416100
vn 0.642986 0.642985 0.416100
vn 0.505191 0.756070 0.416100
vn 0.347982 0.840101 0.416101
vn 0.177399 0.891846 0.416101
vn -0.000000 0.909318 0.416101
vn -0.000000 0.909318 0.416101
vn -0.177399 0.891846 0.416101
vn -0.347982 0.840101 0.416101
vn -0.505191 0.756071 0.416100
vn -0.642986 0.642985 0.416100
vn -0.756072 0.505190 0.416100
vn -0.840101 0.347980 0.416100
vn -0.891846 0.177400 0.416100
vn -0.909319 -0.000000 0.416101
vn -0.891846 -0.177400 0.416100
vn -0.840101 -0.347981 0.416101
vn -0.756070 -0.505191 0.416101
vn -0.642985 -0.642986 0.416100
vn -0.505190 -0.756071 0.416101
vn -0.347980 -0.840101 0.416101
vn -0.177398 -0.891846 0.416101
vn 0.894269 0.000000 0.447530
vn 0.877086 0.174463 0.447530
vn 0.826197 0.342222 0.447529
vn 0.743557 0.496829 0.447530
vn 0.632344 0.632344 0.447530
vn 0.496829 0.743558 0.447530
vn 0.342222 0.826197 0.447530
vn 0.174463 0.877086 0.447530
vn 0.000000 0.894269 0.447530
vn 0.000000 0.894269 0.447530
vn -0.174463 0.877086 0.447530
vn -0.342222 0.826197 0.447530
vn -0.496830 0.743557 0.447530
vn -0.632343 0.632344 0.447530
vn -0.743557 0.496829 0.447530
vn -0.826197 0.342221 0.447530
vn -0.877086 0.174464 0.447530
vn -0.894269 -0.000000 0.447531
vn -0.877085 -0.174464 0.447530
vn -0.826197 -0.342222 0.447529
vn -0.743558 -0.496829 0.447529
vn -0.632344 -0.632344 0.447529
vn -0.496829 -0.743558 0.447530
vn -0.342221 -0.826197 0.447530
vn -0.174462 -0.877086 0.447530
vn 0.000001 -0.894269 0.447531
vn 0.174464 -0.877086 0.447530
vn 0.342223 -0.826196 0.447530
vn 0.496830 -0.743557 0.447530
vn 0.632344 -0.632344 0.447530
vn 0.743558 -0.496829 0.447530
vn 0.826198 -0.342220 0.447529
vn 0.953479 -0.189658 0.234324
vn 0.922390 -0.382064 0.056771
vn 0.830129 -0.554673 0.056771
vn 0.705967 -0.705966 0.056771
vn 0.554675 -0.830128 0.056771
vn 0.382067 -0.922389 0.056771
vn 0.194776 -0.979203 0.056771
vn 0.000001 -0.998387 0.056771
vn -0.194774 -0.979204 0.056771
vn -0.382065 -0.922390 0.056771
vn -0.554674 -0.830129 0.056771
vn -0.705966 -0.705967 0.056771
vn -0.830128 -0.554675 0.056771
vn -0.922389 -0.382067 0.056771
vn -0.979204 -0.194776 0.056770
vn -0.998387 0.000000 0.056770
vn -0.979204 0.194775 0.056770
vn -0.922390 0.382066 0.056770
vn -0.830128 0.554675 0.056771
vn -0.705967 0.705966 0.056771
vn -0.554675 0.830128 0.056771
vn -0.382067 0.922389 0.056771
vn -0.194775 0.979204 0.056771
vn -0.000000 0.998387 0.056771
vn -0.000000 0.998387 0.056771
vn 0.194775 0.979204 0.056771
vn 0.382066 0.922390 0.056771
vn 0.554674 0.830129 0.056771
vn 0.705966 0.705966 0.056771
vn 0.830128 0.554676 0.056771
vn 0.922389 0.382067 0.056771
vn 0.979204 0.194775 0.056771
vn 0.999975 0.000001 -0.007096
vn 0.979204 -0.194774 0.056771
vn 0.998771 0.000001 0.049567
vn 0.979580 0.194850 0.049567
vn 0.922744 0.382214 0.049567
vn 0.830447 0.554888 0.049567
vn 0.706237 0.706238 0.049567
vn 0.554887 0.830448 0.049567
vn 0.382213 0.922744 0.049567
vn 0.194850 0.979580 0.049567
vn -0.000000 0.998771 0.049567
vn -0.000000 0.998771 0.049567
vn -0.194850 0.979580 0.049566
vn -0.382213 0.922744 0.049566
vn -0.554887 0.830448 0.049567
vn -0.706238 0.706238 0.049567
vn -0.830448 0.554887 0.049567
vn -0.922744 0.382213 0.049567
vn -0.979580 0.194850 0.049566
vn -0.998771 0.000000 0.049566
vn -0.979580 -0.194850 0.049566
vn -0.922744 -0.382213 0.049566
vn -0.830447 -0.554888 0.049567
vn -0.706237 -0.706239 0.049567
vn -0.554887 -0.830448 0.049567
vn -0.382212 -0.922744 0.049567
vn -0.194849 -0.979580 0.049566
vn 0.000000 -0.998771 0.049566
vn 0.194851 -0.979580 0.049566
vn 0.382214 -0.922744 0.049566
vn 0.554888 -0.830447 0.049567
vn 0.706238 -0.706237 0.049567
vn 0.830448 -0.554886 0.049567
vn 0.922744 -0.382212 0.049567
vn 0.979580 -0.194848 0.049567
vn 0.698991 -0.698991 0.151073
vn 0.821927 -0.549194 0.151073
vn 0.913276 -0.378291 0.151073
vn 0.969529 -0.192850 0.151072
vn 0.988523 0.000000 0.151072
vn 0.969529 0.192851 0.151072
vn 0.913276 0.378291 0.151073
vn 0.821926 0.549194 0.151074
vn 0.698991 0.698991 0.151074
vn 0.549194 0.821926 0.151074
vn 0.378290 0.913276 0.151073
vn 0.192849 0.969529 0.151072
vn -0.000000 0.988523 0.151072
vn -0.192852 0.969528 0.151073
vn -0.378292 0.913275 0.151073
vn -0.549195 0.821926 0.151073
vn -0.698992 0.698990 0.151074
vn 0.000000 -0.907164 0.420776
vn 0.000000 -0.907164 0.420776
vn 0.176978 -0.889734 0.420777
vn 0.347157 -0.838110 0.420777
vn 0.503993 -0.754280 0.420777
vn 0.641461 -0.641462 0.420777
vn 0.754279 -0.503994 0.420777
vn 0.838110 -0.347157 0.420777
vn 0.889733 -0.176979 0.420777
vn 0.907164 0.000000 0.420777
vn 0.889733 0.176980 0.420777
vn 0.838110 0.347157 0.420776
vn 0.754279 0.503994 0.420777
vn 0.641462 0.641462 0.420777
vn 0.503993 0.754280 0.420777
vn 0.347156 0.838111 0.420777
vn 0.176978 0.889733 0.420777
vn -0.000000 0.907164 0.420777
vn -0.176980 0.889733 0.420777
vn -0.347158 0.838110 0.420776
vn -0.503994 0.754279 0.420777
vn -0.641463 0.641461 0.420777
vn -0.754280 0.503992 0.420776
vn -0.838111 0.347155 0.420776
vn -0.889734 0.176977 0.420776
vn -0.907164 -0.000002 0.420776
vn -0.889733 -0.176980 0.420776
vn -0.838110 -0.347158 0.420776
vn -0.754278 -0.503995 0.420776
vn -0.641461 -0.641463 0.420776
vn -0.503992 -0.754280 0.420777
vn -0.347155 -0.838111 0.420777
vn -0.176977 -0.889734 0.420776
vn 0.000001 -0.801742 0.597670
vn 0.000001 -0.801742 0.597670
vn 0.156412 -0.786337 0.597670
vn 0.306814 -0.740713 0.597670
vn 0.445425 -0.666624 0.597670
vn 0.566917 -0.566917 0.597670
vn 0.666624 -0.445425 0.597670
vn 0.740713 -0.306813 0.597670
vn 0.786337 -0.156412 0.597670
vn 0.801742 0.000000 0.597670
vn 0.786337 0.156413 0.597670
vn 0.740713 0.306814 0.597670
vn 0.666624 0.445424 0.597670
vn 0.566917 0.566918 0.597670
vn 0.445423 0.666625 0.597670
vn 0.306813 0.740713 0.597670
vn 0.156412 0.786337 0.597670
vn -0.000001 0.801742 0.597670
vn -0.156413 0.786337 0.597670
vn -0.306814 0.740713 0.597670
vn -0.445425 0.666624 0.597670
vn -0.566918 0.566917 0.597670
vn -0.666625 0.445423 0.597670
vn -0.740714 0.306812 0.597670
vn -0.786337 0.156411 0.597670
vn -0.801742 -0.000001 0.597670
vn -0.786336 -0.156413 0.597670
vn -0.740713 -0.306815 0.597670
vn -0.666623 -0.445426 0.597670
vn -0.566916 -0.566918 0.597670
vn -0.445423 -0.666625 0.597670
vn -0.306812 -0.740714 0.597670
vn -0.156411 -0.786337 0.597670
vn 0.000001 -0.900527 0.434800
vn 0.000001 -0.900527 0.434800
vn 0.175684 -0.883224 0.434800
vn 0.344616 -0.831979 0.434800
vn 0.500306 -0.748761 0.434801
vn 0.636768 -0.636769 0.434801
vn 0.748760 -0.500306 0.434800
vn 0.831978 -0.344617 0.434800
vn 0.883224 -0.175684 0.434800
vn 0.900527 0.000000 0.434800
vn 0.883224 0.175684 0.434800
vn 0.831978 0.344617 0.434800
vn 0.748761 0.500306 0.434800
vn 0.636769 0.636769 0.434800
vn 0.500305 0.748762 0.434800
vn 0.344616 0.831979 0.434800
vn 0.175683 0.883224 0.434800
vn -0.000001 0.900527 0.434800
vn -0.175685 0.883223 0.434800
vn -0.344618 0.831978 0.434800
vn -0.500307 0.748760 0.434800
vn -0.636770 0.636768 0.434800
vn -0.748761 0.500306 0.434800
vn -0.831979 0.344616 0.434800
vn -0.883224 0.175682 0.434800
vn -0.900527 -0.000002 0.434800
vn -0.883223 -0.175686 0.434800
vn -0.831978 -0.344618 0.434800
vn -0.748760 -0.500308 0.434800
vn -0.636768 -0.636770 0.434800
vn -0.500306 -0.748761 0.434800
vn -0.344615 -0.831980 0.434799
vn -0.175681 -0.883224 0.434800
vn -0.988523 -0.000001 0.151073
vn -0.969529 -0.192851 0.151073
vn -0.913276 -0.378292 0.151073
vn -0.821926 -0.549195 0.151073
vn -0.698991 -0.698991 0.151073
vn -0.549193 -0.821927 0.151073
vn -0.378290 -0.913276 0.151073
vn -0.192850 -0.969529 0.151073
vn 0.000000 -0.988523 0.151073
vn 0.000000 -0.988523 0.151073
vn 0.192851 -0.969529 0.151073
vn 0.378291 -0.913276 0.151073
vn 0.549194 -0.821926 0.151073
vn -0.821927 0.549193 0.151073
vn -0.913277 0.378290 0.151073
vn -0.969529 0.192849 0.151073
vn -0.995083 0.000000 -0.099047
vn -0.975963 0.194131 -0.099047
vn 0.000000 -0.114880 -0.993379
vn 0.000000 -0.114880 -0.993379
vn 0.000001 -0.993217 0.116279
vn 0.000001 -0.993217 0.116279
vn 0.022412 -0.112672 -0.993379
vn 0.193767 -0.974132 0.116278
vn 0.043961 -0.106134 -0.993380
vn 0.380087 -0.917613 0.116278
vn 0.063822 -0.095519 -0.993380
vn 0.551802 -0.825829 0.116279
vn 0.081230 -0.081233 -0.993380
vn 0.702310 -0.702310 0.116279
vn 0.095518 -0.063824 -0.993379
vn 0.825829 -0.551802 0.116279
vn 0.106136 -0.043963 -0.993379
vn 0.917613 -0.380087 0.116279
vn 0.112673 -0.022412 -0.993379
vn 0.974132 -0.193767 0.116280
vn 0.114879 0.000000 -0.993379
vn 0.993216 0.000000 0.116280
vn 0.112676 0.022412 -0.993379
vn 0.974132 0.193767 0.116280
vn 0.106139 0.043963 -0.993379
vn 0.917612 0.380088 0.116280
vn 0.095521 0.063825 -0.993379
vn 0.825829 0.551802 0.116279
vn 0.081235 0.081233 -0.993379
vn 0.702310 0.702310 0.116279
vn 0.063825 0.095518 -0.993379
vn 0.551801 0.825830 0.116279
vn 0.043963 0.106134 -0.993379
vn 0.380086 0.917613 0.116279
vn 0.022412 0.112673 -0.993379
vn 0.193766 0.974132 0.116279
vn -0.000001 0.993217 0.116280
vn 0.000000 0.114882 -0.993379
vn -0.193768 0.974132 0.116280
vn -0.022411 0.112674 -0.993379
vn -0.380089 0.917612 0.116280
vn -0.043963 0.106136 -0.993379
vn -0.551803 0.825828 0.116280
vn -0.063825 0.095519 -0.993379
vn -0.702311 0.702309 0.116279
vn -0.081235 0.081232 -0.993379
vn -0.825829 0.551802 0.116279
vn -0.095521 0.063825 -0.993379
vn -0.917613 0.380087 0.116279
vn -0.106134 0.043963 -0.993379
vn -0.974133 0.193765 0.116280
vn -0.112669 0.022412 -0.993380
vn -0.993217 -0.000002 0.116279
vn -0.114879 -0.000000 -0.993379
vn -0.974132 -0.193769 0.116279
vn -0.112676 -0.022413 -0.993379
vn -0.917612 -0.380089 0.116279
vn -0.106137 -0.043963 -0.993379
vn -0.825828 -0.551804 0.116279
vn -0.095520 -0.063824 -0.993379
vn -0.702309 -0.702312 0.116279
vn -0.081233 -0.081232 -0.993379
vn -0.551801 -0.825830 0.116280
vn -0.063825 -0.095520 -0.993379
vn -0.380085 -0.917613 0.116281
vn -0.043963 -0.106137 -0.993379
vn -0.193764 -0.974133 0.116280
vn -0.022412 -0.112674 -0.993379
vn -0.554559 0.829954 -0.060329
vn -0.381988 0.922196 -0.060329
vn -0.194735 0.978999 -0.060330
vn -0.000001 0.998179 -0.060329
vn 0.194733 0.978999 -0.060329
vn 0.381985 0.922197 -0.060329
vn 0.554558 0.829955 -0.060329
vn 0.705819 0.705819 -0.060330
vn 0.829955 0.554559 -0.060330
vn 0.922196 0.381987 -0.060329
vn 0.978999 0.194735 -0.060329
vn 0.998179 0.000000 -0.060328
vn 0.978999 -0.194734 -0.060329
vn 0.922197 -0.381986 -0.060329
vn 0.829955 -0.554558 -0.060329
vn 0.705819 -0.705819 -0.060329
vn 0.554559 -0.829955 -0.060329
vn 0.381987 -0.922197 -0.060329
vn 0.194734 -0.978999 -0.060330
vn 0.000000 -0.998179 -0.060330
vn 0.000000 -0.998179 -0.060330
vn -0.194734 -0.978999 -0.060330
vn -0.381986 -0.922197 -0.060330
vn -0.554558 -0.829955 -0.060330
vn -0.705819 -0.705819 -0.060330
vn -0.829955 -0.554559 -0.060330
vn -0.922197 -0.381987 -0.060330
vn -0.978999 -0.194734 -0.060330
vn -0.998179 -0.000000 -0.060330
vn -0.978999 0.194733 -0.060330
vn -0.922198 0.381984 -0.060329
vn -0.829956 0.554557 -0.060329
vn -0.705820 0.705818 -0.060329
vn 0.547922 0.820024 -0.165354
vn 0.697372 0.697374 -0.165354
vn 0.820023 0.547923 -0.165354
vn 0.911161 0.377416 -0.165354
vn 0.967284 0.192405 -0.165354
vn 0.986234 -0.000000 -0.165354
vn 0.967284 -0.192405 -0.165354
vn 0.911162 -0.377416 -0.165354
vn 0.820024 -0.547923 -0.165354
vn 0.697373 -0.697373 -0.165355
vn 0.547923 -0.820023 -0.165355
vn 0.377416 -0.911161 -0.165355
vn 0.192405 -0.967284 -0.165354
vn 0.000000 -0.986234 -0.165354
vn 0.000000 -0.986234 -0.165354
vn -0.192405 -0.967284 -0.165355
vn -0.377416 -0.911161 -0.165355
vn -0.547923 -0.820023 -0.165355
vn -0.697373 -0.697373 -0.165355
vn -0.820024 -0.547922 -0.165355
vn -0.911161 -0.377416 -0.165354
vn -0.967284 -0.192405 -0.165354
vn -0.986234 0.000000 -0.165354
vn -0.967284 0.192404 -0.165354
vn -0.911162 0.377414 -0.165355
vn -0.820024 0.547921 -0.165355
vn -0.697373 0.697372 -0.165354
vn -0.547924 0.820023 -0.165354
vn -0.377417 0.911161 -0.165355
vn -0.192405 0.967284 -0.165354
vn -0.000001 0.986234 -0.165353
vn 0.192404 0.967284 -0.165353
vn 0.377415 0.911162 -0.165354
vn -0.975963 -0.194131 -0.099046
vn -0.919337 -0.380802 -0.099046
vn -0.827381 -0.552839 -0.099046
vn -0.703630 -0.703629 -0.099046
vn -0.552839 -0.827380 -0.099047
vn -0.380802 -0.919336 -0.099047
vn -0.194131 -0.975963 -0.099047
vn 0.000000 -0.995083 -0.099047
vn 0.000000 -0.995083 -0.099047
vn 0.194131 -0.975963 -0.099047
vn 0.380802 -0.919336 -0.099046
vn 0.552839 -0.827381 -0.099046
vn 0.703630 -0.703630 -0.099047
vn 0.827381 -0.552839 -0.099047
vn 0.919336 -0.380802 -0.099047
vn 0.975963 -0.194131 -0.099047
vn 0.995083 -0.000000 -0.099047
vn 0.975962 0.194131 -0.099046
vn 0.919336 0.380802 -0.099046
vn 0.827381 0.552839 -0.099046
vn 0.703629 0.703631 -0.099046
vn 0.552838 0.827381 -0.099046
vn 0.380802 0.919337 -0.099046
vn 0.194130 0.975963 -0.099046
vn -0.000001 0.995083 -0.099046
vn -0.194132 0.975962 -0.099046
vn -0.380802 0.919337 -0.099046
vn -0.552839 0.827381 -0.099046
vn -0.703630 0.703629 -0.099046
vn -0.827381 0.552838 -0.099046
vn -0.919337 0.380801 -0.099047
vn -0.520640 0.779191 -0.348991
vn -0.358623 0.865791 -0.348991
vn -0.182825 0.919119 -0.348991
vn -0.000001 0.937126 -0.348991
vn 0.182823 0.919120 -0.348991
vn 0.358622 0.865792 -0.348991
vn 0.520639 0.779192 -0.348991
vn 0.662648 0.662649 -0.348991
vn 0.779192 0.520639 -0.348990
vn 0.865791 0.358623 -0.348991
vn 0.919119 0.182825 -0.348992
vn 0.937126 0.000000 -0.348992
vn 0.919119 -0.182824 -0.348991
vn 0.865792 -0.358623 -0.348991
vn 0.779192 -0.520639 -0.348991
vn 0.662648 -0.662648 -0.348991
vn 0.520639 -0.779192 -0.348991
vn 0.358623 -0.865791 -0.348991
vn 0.182824 -0.919119 -0.348991
vn -0.000000 -0.937126 -0.348991
vn -0.000000 -0.937126 -0.348991
vn -0.182824 -0.919119 -0.348991
vn -0.358623 -0.865792 -0.348991
vn -0.520640 -0.779192 -0.348991
vn -0.662648 -0.662648 -0.348991
vn -0.779191 -0.520640 -0.348991
vn -0.865792 -0.358622 -0.348991
vn -0.919119 -0.182824 -0.348992
vn -0.937126 0.000000 -0.348992
vn -0.919119 0.182823 -0.348992
vn -0.865792 0.358620 -0.348991
vn -0.779193 0.520638 -0.348991
vn -0.662649 0.662648 -0.348991
vn -0.000001 0.886735 -0.462279
vn -0.172994 0.869696 -0.462278
vn -0.339339 0.819236 -0.462278
vn -0.492644 0.737293 -0.462278
vn -0.627017 0.627015 -0.462278
vn -0.737294 0.492642 -0.462278
vn -0.819237 0.339337 -0.462278
vn -0.869697 0.172992 -0.462278
vn -0.886735 -0.000000 -0.462278
vn -0.869697 -0.172993 -0.462278
vn -0.819236 -0.339339 -0.462278
vn -0.737293 -0.492644 -0.462278
vn -0.627017 -0.627016 -0.462278
vn -0.492644 -0.737293 -0.462278
vn -0.339338 -0.819236 -0.462279
vn -0.172993 -0.869696 -0.462279
vn 0.000000 -0.886735 -0.462279
vn 0.000000 -0.886735 -0.462279
vn 0.172993 -0.869696 -0.462279
vn 0.339339 -0.819236 -0.462278
vn 0.492644 -0.737293 -0.462278
vn 0.627017 -0.627016 -0.462278
vn 0.737293 -0.492643 -0.462278
vn 0.819237 -0.339338 -0.462278
vn 0.869697 -0.172994 -0.462278
vn 0.886735 0.000000 -0.462278
vn 0.869696 0.172995 -0.462279
vn 0.819236 0.339339 -0.462279
vn 0.737292 0.492644 -0.462279
vn 0.627015 0.627017 -0.462279
vn 0.492643 0.737293 -0.462279
vn 0.339338 0.819236 -0.462278
vn 0.172993 0.869696 -0.462279
vn -0.931132 -0.000000 -0.364682
vn -0.913240 -0.181655 -0.364683
vn -0.860253 -0.356328 -0.364683
vn -0.774208 -0.517309 -0.364684
vn -0.658410 -0.658409 -0.364684
vn -0.517309 -0.774207 -0.364684
vn -0.356329 -0.860253 -0.364684
vn -0.181655 -0.913240 -0.364684
vn -0.000000 -0.931131 -0.364684
vn -0.000000 -0.931131 -0.364684
vn 0.181654 -0.913240 -0.364684
vn 0.356328 -0.860253 -0.364684
vn 0.517309 -0.774207 -0.364684
vn 0.658409 -0.658410 -0.364684
vn 0.774207 -0.517309 -0.364684
vn 0.860254 -0.356328 -0.364684
vn 0.913240 -0.181655 -0.364684
vn 0.931131 -0.000000 -0.364685
vn 0.913240 0.181656 -0.364683
vn 0.860253 0.356329 -0.364683
vn 0.774207 0.517309 -0.364683
vn 0.658409 0.658410 -0.364683
vn 0.517309 0.774208 -0.364683
vn 0.356327 0.860254 -0.364683
vn 0.181653 0.913241 -0.364683
vn -0.000001 0.931132 -0.364683
vn -0.181656 0.913240 -0.364684
vn -0.356329 0.860253 -0.364684
vn -0.517310 0.774207 -0.364684
vn -0.658410 0.658409 -0.364684
vn -0.774208 0.517308 -0.364684
vn -0.860254 0.356327 -0.364684
vn -0.913241 0.181654 -0.364683
vn 0.000000 -0.946402 0.322992
vn 0.000000 -0.946402 0.322992
vn 0.184633 -0.928217 0.322992
vn 0.362172 -0.874361 0.322993
vn 0.525793 -0.786904 0.322993
vn 0.669207 -0.669207 0.322993
vn 0.786904 -0.525792 0.322993
vn 0.874361 -0.362171 0.322992
vn 0.928217 -0.184633 0.322992
vn 0.946402 0.000000 0.322992
vn 0.928217 0.184634 0.322993
vn 0.874361 0.362173 0.322992
vn 0.786904 0.525793 0.322993
vn 0.669206 0.669207 0.322993
vn 0.525793 0.786904 0.322993
vn 0.362171 0.874361 0.322993
vn 0.184632 0.928217 0.322993
vn -0.000000 0.946402 0.322992
vn -0.184635 0.928217 0.322992
vn -0.362173 0.874361 0.322992
vn -0.525793 0.786904 0.322992
vn -0.669207 0.669206 0.322992
vn -0.786905 0.525792 0.322992
vn -0.874362 0.362171 0.322992
vn -0.928217 0.184632 0.322992
vn -0.946402 -0.000001 0.322992
vn -0.928217 -0.184634 0.322992
vn -0.874361 -0.362173 0.322992
vn -0.786903 -0.525794 0.322993
vn -0.669206 -0.669208 0.322993
vn -0.525791 -0.786905 0.322993
vn -0.362171 -0.874362 0.322992
vn -0.184632 -0.928217 0.322992
vn 0.000000 -0.874194 0.485576
vn 0.000000 -0.874194 0.485576
vn 0.170547 -0.857397 0.485576
vn 0.334540 -0.807650 0.485576
vn 0.485676 -0.726866 0.485576
vn 0.618148 -0.618149 0.485576
vn 0.726866 -0.485677 0.485576
vn 0.807650 -0.334540 0.485577
vn 0.857397 -0.170547 0.485577
vn 0.874194 0.000000 0.485577
vn 0.857396 0.170547 0.485577
vn 0.807650 0.334540 0.485577
vn 0.726866 0.485676 0.485576
vn 0.618148 0.618149 0.485576
vn 0.485675 0.726866 0.485577
vn 0.334539 0.807650 0.485577
vn 0.170546 0.857397 0.485577
vn -0.000001 0.874194 0.485576
vn -0.170548 0.857397 0.485577
vn -0.334541 0.807650 0.485577
vn -0.485678 0.726865 0.485576
vn -0.618150 0.618148 0.485576
vn -0.726867 0.485675 0.485576
vn -0.807651 0.334538 0.485576
vn -0.857398 0.170545 0.485575
vn -0.874195 -0.000002 0.485576
vn -0.857397 -0.170548 0.485576
vn -0.807650 -0.334541 0.485576
vn -0.726865 -0.485678 0.485576
vn -0.618148 -0.618150 0.485576
vn -0.485675 -0.726867 0.485576
vn -0.334538 -0.807651 0.485576
vn -0.170545 -0.857398 0.485576
vn 0.000001 -0.785768 0.618522
vn 0.000001 -0.785768 0.618522
vn 0.153296 -0.770669 0.618522
vn 0.300700 -0.725955 0.618522
vn 0.436549 -0.653342 0.618522
vn 0.555622 -0.555622 0.618522
vn 0.653342 -0.436550 0.618522
vn 0.725955 -0.300700 0.618521
vn 0.770670 -0.153296 0.618521
vn 0.785768 0.000000 0.618521
vn 0.770670 0.153296 0.618521
vn 0.725955 0.300700 0.618521
vn 0.653342 0.436549 0.618521
vn 0.555622 0.555622 0.618521
vn 0.436548 0.653343 0.618522
vn 0.300700 0.725955 0.618522
vn 0.153295 0.770669 0.618522
vn -0.000001 0.785767 0.618522
vn -0.153296 0.770669 0.618522
vn -0.300701 0.725954 0.618522
vn -0.436550 0.653342 0.618521
vn -0.555622 0.555621 0.618522
vn -0.653343 0.436549 0.618521
vn -0.725956 0.300699 0.618521
vn -0.770670 0.153294 0.618522
vn -0.785767 -0.000001 0.618522
vn -0.770669 -0.153297 0.618522
vn -0.725954 -0.300702 0.618522
vn -0.653340 -0.436551 0.618522
vn -0.555620 -0.555623 0.618522
vn -0.436549 -0.653342 0.618522
vn -0.300699 -0.725956 0.618521
vn -0.153294 -0.770670 0.618521
vn -0.980765 -0.195086 0.006422
vn -0.972147 -0.000000 -0.234373
vn -0.923860 -0.382676 0.006422
vn -0.831452 -0.555560 0.006422
vn -0.707092 -0.707093 0.006422
vn -0.555558 -0.831453 0.006422
vn -0.382675 -0.923861 0.006422
vn -0.195085 -0.980765 0.006422
vn 0.000000 -0.999979 0.006422
vn 0.000000 -0.999979 0.006422
vn 0.195086 -0.980765 0.006422
vn 0.382676 -0.923860 0.006422
vn 0.555559 -0.831452 0.006422
vn 0.707092 -0.707092 0.006422
vn 0.831452 -0.555559 0.006422
vn 0.923861 -0.382675 0.006422
vn 0.980765 -0.195085 0.006422
vn 0.999979 0.000000 0.006422
vn 0.980765 0.195086 0.006422
vn 0.923860 0.382676 0.006422
vn 0.831452 0.555559 0.006422
vn 0.707092 0.707093 0.006422
vn 0.555558 0.831453 0.006422
vn 0.382674 0.923861 0.006422
vn 0.195085 0.980765 0.006422
vn -0.000000 0.999979 0.006422
vn -0.195087 0.980765 0.006422
vn -0.382676 0.923860 0.006422
vn -0.555560 0.831452 0.006422
vn -0.707093 0.707091 0.006422
vn -0.831453 0.555558 0.006422
vn -0.923861 0.382674 0.006422
vn -0.980765 0.195085 0.006422
vn 0.000001 -0.980166 0.198179
vn 0.000001 -0.980166 0.198179
vn 0.191220 -0.961332 0.198179
vn 0.375093 -0.905555 0.198179
vn 0.544551 -0.814978 0.198180
vn 0.693082 -0.693082 0.198180
vn 0.814978 -0.544551 0.198180
vn 0.905555 -0.375093 0.198180
vn 0.961332 -0.191221 0.198180
vn 0.980166 0.000000 0.198180
vn 0.961332 0.191221 0.198180
vn 0.905555 0.375094 0.198180
vn 0.814978 0.544551 0.198180
vn 0.693082 0.693082 0.198180
vn 0.544550 0.814979 0.198179
vn 0.375092 0.905556 0.198179
vn 0.191220 0.961332 0.198179
vn -0.000001 0.980166 0.198179
vn -0.191222 0.961332 0.198180
vn -0.375094 0.905555 0.198180
vn -0.544552 0.814977 0.198179
vn -0.693083 0.693081 0.198179
vn -0.814978 0.544551 0.198179
vn -0.905555 0.375092 0.198179
vn -0.961333 0.191219 0.198179
vn -0.980166 -0.000002 0.198179
vn -0.961332 -0.191223 0.198179
vn -0.905555 -0.375094 0.198179
vn -0.814977 -0.544553 0.198179
vn -0.693081 -0.693083 0.198179
vn -0.544550 -0.814978 0.198180
vn -0.375091 -0.905556 0.198180
vn -0.191218 -0.961333 0.198180
vn -0.998387 -0.000001 -0.056770
vn -0.553136 0.827824 -0.093533
vn -0.381007 0.919829 -0.093533
vn -0.194236 0.976486 -0.093533
vn -0.000001 0.995616 -0.093533
vn 0.194234 0.976486 -0.093533
vn 0.381005 0.919830 -0.093533
vn 0.553135 0.827825 -0.093534
vn 0.704006 0.704007 -0.093534
vn 0.827824 0.553136 -0.093533
vn 0.919829 0.381007 -0.093533
vn 0.976486 0.194236 -0.093533
vn 0.995616 -0.000000 -0.093533
vn 0.976486 -0.194235 -0.093533
vn 0.919829 -0.381006 -0.093534
vn 0.827824 -0.553135 -0.093533
vn 0.704007 -0.704007 -0.093533
vn 0.553135 -0.827824 -0.093533
vn 0.381006 -0.919829 -0.093533
vn 0.194235 -0.976486 -0.093533
vn 0.000000 -0.995616 -0.093532
vn 0.000000 -0.995616 -0.093532
vn -0.194235 -0.976486 -0.093533
vn -0.381006 -0.919829 -0.093534
vn -0.553135 -0.827824 -0.093533
vn -0.704007 -0.704007 -0.093533
vn -0.827824 -0.553135 -0.093533
vn -0.919829 -0.381006 -0.093534
vn -0.976486 -0.194235 -0.093533
vn -0.976486 0.194233 -0.093533
vn -0.919830 0.381004 -0.093534
vn -0.827825 0.553134 -0.093534
vn -0.704007 0.704006 -0.093534
vn -0.999125 0.000000 -0.041827
vn -0.041018 -0.000000 0.999158
vn -0.979927 -0.194920 -0.041827
vn -0.040234 -0.008002 0.999158
vn -0.923071 -0.382349 -0.041827
vn -0.037899 -0.015696 0.999158
vn -0.830741 -0.555085 -0.041827
vn -0.034106 -0.022787 0.999158
vn -0.706488 -0.706488 -0.041827
vn -0.029007 -0.029002 0.999158
vn -0.555086 -0.830741 -0.041827
vn -0.022785 -0.034103 0.999159
vn -0.382350 -0.923071 -0.041827
vn -0.015694 -0.037893 0.999159
vn -0.194919 -0.979927 -0.041828
vn -0.008002 -0.040227 0.999159
vn 0.000000 -0.041016 0.999159
vn 0.000000 -0.041016 0.999159
vn 0.000000 -0.999125 -0.041829
vn 0.000000 -0.999125 -0.041829
vn 0.008001 -0.040228 0.999159
vn 0.194920 -0.979927 -0.041828
vn 0.015695 -0.037894 0.999159
vn 0.382349 -0.923071 -0.041827
vn 0.022788 -0.034103 0.999158
vn 0.555085 -0.830741 -0.041827
vn 0.029004 -0.029002 0.999158
vn 0.706488 -0.706487 -0.041827
vn 0.034108 -0.022787 0.999158
vn 0.830741 -0.555085 -0.041827
vn 0.037899 -0.015696 0.999158
vn 0.923071 -0.382349 -0.041827
vn 0.040225 -0.008002 0.999159
vn 0.979927 -0.194918 -0.041827
vn 0.041008 0.000000 0.999159
vn 0.999125 0.000000 -0.041827
vn 0.040225 0.008003 0.999159
vn 0.979927 0.194920 -0.041827
vn 0.037894 0.015697 0.999158
vn 0.923071 0.382350 -0.041827
vn 0.034103 0.022786 0.999159
vn 0.830742 0.555085 -0.041827
vn 0.029004 0.029001 0.999158
vn 0.706486 0.706490 -0.041827
vn 0.022788 0.034103 0.999158
vn 0.555083 0.830743 -0.041826
vn 0.015695 0.037894 0.999159
vn 0.382348 0.923071 -0.041826
vn 0.008000 0.040228 0.999159
vn 0.194918 0.979927 -0.041826
vn -0.000002 0.041016 0.999159
vn -0.000001 0.999125 -0.041826
vn -0.194920 0.979927 -0.041826
vn -0.008002 0.040228 0.999159
vn -0.382348 0.923071 -0.041826
vn -0.015695 0.037894 0.999159
vn -0.555085 0.830742 -0.041826
vn -0.022785 0.034103 0.999159
vn -0.706488 0.706488 -0.041827
vn -0.029000 0.029001 0.999159
vn -0.830742 0.555084 -0.041827
vn -0.034101 0.022786 0.999159
vn -0.923071 0.382347 -0.041827
vn -0.037894 0.015697 0.999158
vn -0.979927 0.194920 -0.041827
vn -0.040230 0.008003 0.999158
vn 0.536922 0.803562 -0.256910
vn 0.683372 0.683374 -0.256910
vn 0.803561 0.536923 -0.256909
vn 0.892870 0.369840 -0.256909
vn 0.947865 0.188543 -0.256909
vn 0.966435 -0.000000 -0.256909
vn 0.947866 -0.188542 -0.256909
vn 0.892870 -0.369839 -0.256910
vn 0.803562 -0.536923 -0.256910
vn 0.683373 -0.683373 -0.256910
vn 0.536923 -0.803561 -0.256910
vn 0.369839 -0.892870 -0.256910
vn 0.188542 -0.947866 -0.256910
vn -0.000000 -0.966435 -0.256910
vn -0.000000 -0.966435 -0.256910
vn -0.188542 -0.947865 -0.256911
vn -0.369839 -0.892870 -0.256910
vn -0.536923 -0.803561 -0.256911
vn -0.683373 -0.683373 -0.256910
vn -0.803561 -0.536923 -0.256910
vn -0.892870 -0.369839 -0.256910
vn -0.947866 -0.188542 -0.256910
vn -0.995616 -0.000000 -0.093533
vn -0.947866 0.188541 -0.256910
vn -0.892870 0.369837 -0.256911
vn -0.803562 0.536922 -0.256910
vn -0.683374 0.683372 -0.256910
vn -0.536924 0.803561 -0.256909
vn -0.369840 0.892869 -0.256910
vn -0.188543 0.947865 -0.256910
vn -0.000001 0.966436 -0.256909
vn 0.188541 0.947866 -0.256910
vn 0.369838 0.892870 -0.256910
vn -0.953467 -0.189656 -0.234374
vn -0.898146 -0.372024 -0.234374
vn -0.808310 -0.540095 -0.234375
vn -0.687412 -0.687411 -0.234374
vn -0.540096 -0.808310 -0.234374
vn -0.372024 -0.898146 -0.234375
vn -0.189656 -0.953467 -0.234374
vn -0.000000 -0.972146 -0.234374
vn -0.000000 -0.972146 -0.234374
vn 0.189656 -0.953467 -0.234375
vn 0.372024 -0.898146 -0.234375
vn 0.540095 -0.808310 -0.234375
vn 0.687411 -0.687412 -0.234375
vn 0.808310 -0.540096 -0.234375
vn 0.898146 -0.372024 -0.234375
vn 0.953467 -0.189656 -0.234375
vn 0.972146 0.000000 -0.234376
vn 0.953467 0.189657 -0.234375
vn 0.898146 0.372025 -0.234374
vn 0.808310 0.540096 -0.234374
vn 0.687411 0.687412 -0.234374
vn 0.540096 0.808310 -0.234374
vn 0.372023 0.898147 -0.234374
vn 0.189655 0.953467 -0.234374
vn -0.000001 0.972146 -0.234374
vn -0.189657 0.953467 -0.234374
vn -0.372025 0.898146 -0.234375
vn -0.540097 0.808309 -0.234374
vn -0.687412 0.687410 -0.234374
vn -0.808311 0.540095 -0.234375
vn -0.898146 0.372023 -0.234375
vn -0.891791 0.177387 -0.416223
vn -0.966435 -0.000000 -0.256910
vn -0.000001 0.909262 -0.416224
vn -0.177389 0.891791 -0.416224
vn -0.347960 0.840049 -0.416224
vn -0.505160 0.756024 -0.416223
vn -0.642946 0.642945 -0.416223
vn -0.756025 0.505158 -0.416223
vn -0.840050 0.347958 -0.416223
vn -0.877208 0.174486 -0.447281
vn -0.909262 0.000000 -0.416224
vn -0.891791 -0.177388 -0.416224
vn -0.840049 -0.347959 -0.416224
vn -0.756024 -0.505159 -0.416223
vn -0.642946 -0.642946 -0.416223
vn -0.505160 -0.756024 -0.416223
vn -0.347960 -0.840049 -0.416224
vn -0.177388 -0.891791 -0.416224
vn 0.000000 -0.909262 -0.416224
vn 0.000000 -0.909262 -0.416224
vn 0.177388 -0.891791 -0.416224
vn 0.347960 -0.840049 -0.416224
vn 0.505159 -0.756024 -0.416224
vn 0.642946 -0.642945 -0.416223
vn 0.756024 -0.505159 -0.416224
vn 0.840049 -0.347959 -0.416224
vn 0.891791 -0.177389 -0.416224
vn 0.909262 0.000000 -0.416224
vn 0.891791 0.177389 -0.416224
vn 0.840049 0.347960 -0.416224
vn 0.756024 0.505159 -0.416224
vn 0.642945 0.642946 -0.416224
vn 0.505159 0.756024 -0.416224
vn 0.347959 0.840049 -0.416224
vn 0.177387 0.891791 -0.416224
vn -0.894393 -0.000000 -0.447282
vn -0.877208 -0.174487 -0.447281
vn -0.826312 -0.342269 -0.447281
vn -0.743661 -0.496899 -0.447281
vn -0.632432 -0.632431 -0.447282
vn -0.496899 -0.743660 -0.447282
vn -0.342269 -0.826312 -0.447282
vn -0.174487 -0.877208 -0.447281
vn 0.000000 -0.894393 -0.447282
vn 0.000000 -0.894393 -0.447282
vn 0.174487 -0.877208 -0.447282
vn 0.342270 -0.826312 -0.447281
vn 0.496899 -0.743660 -0.447281
vn 0.632431 -0.632432 -0.447282
vn 0.743661 -0.496899 -0.447282
vn 0.826312 -0.342269 -0.447281
vn 0.877208 -0.174488 -0.447282
vn 0.894393 -0.000000 -0.447282
vn 0.877207 0.174489 -0.447282
vn 0.826311 0.342270 -0.447282
vn 0.743660 0.496899 -0.447282
vn 0.632431 0.632432 -0.447282
vn 0.496898 0.743661 -0.447282
vn 0.342269 0.826312 -0.447281
vn 0.174487 0.877208 -0.447282
vn -0.000001 0.894393 -0.447282
vn -0.174488 0.877207 -0.447282
vn -0.342270 0.826311 -0.447282
vn -0.496899 0.743660 -0.447282
vn -0.632432 0.632430 -0.447282
vn -0.743662 0.496897 -0.447282
vn -0.826313 0.342267 -0.447281
vn -0.953467 0.189656 -0.234374
vn -0.922390 0.382064 -0.056770
vn -0.830130 0.554673 -0.056769
vn -0.705967 0.705966 -0.056770
vn -0.554675 0.830128 -0.056770
vn -0.382067 0.922389 -0.056770
vn -0.194776 0.979203 -0.056770
vn -0.000000 0.998387 -0.056769
vn 0.194774 0.979204 -0.056769
vn 0.382065 0.922390 -0.056769
vn 0.554674 0.830129 -0.056770
vn 0.705966 0.705967 -0.056770
vn 0.830128 0.554675 -0.056770
vn 0.922389 0.382067 -0.056770
vn 0.979204 0.194776 -0.056769
vn 0.998387 0.000000 -0.056769
vn 0.979204 -0.194775 -0.056769
vn 0.922390 -0.382066 -0.056769
vn 0.830128 -0.554675 -0.056770
vn 0.705967 -0.705966 -0.056770
vn 0.554675 -0.830128 -0.056770
vn 0.382067 -0.922389 -0.056770
vn 0.194775 -0.979204 -0.056770
vn 0.000000 -0.998387 -0.056770
vn 0.000000 -0.998387 -0.056770
vn -0.194774 -0.979204 -0.056770
vn -0.382066 -0.922390 -0.056770
vn -0.554674 -0.830129 -0.056770
vn -0.705967 -0.705966 -0.056771
vn -0.830128 -0.554675 -0.056770
vn -0.922389 -0.382067 -0.056770
vn -0.979204 -0.194775 -0.056770
vn -0.999979 -0.000001 0.006422
vn -0.979204 0.194774 -0.056770
vn -0.998757 -0.000001 -0.049838
vn -0.979567 -0.194847 -0.049838
vn -0.922731 -0.382208 -0.049838
vn -0.830436 -0.554881 -0.049839
vn -0.706228 -0.706228 -0.049839
vn -0.554880 -0.830436 -0.049838
vn -0.382207 -0.922732 -0.049838
vn -0.194847 -0.979567 -0.049839
vn 0.000000 -0.998757 -0.049839
vn 0.000000 -0.998757 -0.049839
vn 0.194847 -0.979567 -0.049838
vn 0.382208 -0.922731 -0.049838
vn 0.554880 -0.830436 -0.049839
vn 0.706228 -0.706228 -0.049839
vn 0.830436 -0.554880 -0.049839
vn 0.922731 -0.382208 -0.049838
vn 0.979567 -0.194847 -0.049838
vn 0.998757 0.000000 -0.049838
vn 0.979566 0.194848 -0.049838
vn 0.922731 0.382208 -0.049838
vn 0.830436 0.554880 -0.049839
vn 0.706227 0.706229 -0.049839
vn 0.554879 0.830437 -0.049839
vn 0.382206 0.922732 -0.049838
vn 0.194846 0.979567 -0.049838
vn -0.000000 0.998757 -0.049838
vn -0.194848 0.979566 -0.049838
vn -0.382209 0.922731 -0.049838
vn -0.554881 0.830436 -0.049839
vn -0.706229 0.706227 -0.049839
vn -0.830437 0.554879 -0.049839
vn -0.922732 0.382207 -0.049838
vn -0.979567 0.194846 -0.049838
f 397/397/397 399/399/399 127/127/127
f 397/397/397 127/127/127 125/125/125
f 399/399/399 400/400/400 128/128/128
f 399/399/399 128/128/128 127/127/127
f 400/400/400 401/401/401 129/129/129
f 400/400/400 129/129/129 128/128/128
f 401/401/401 402/402/402 1/1/1
f 401/401/401 1/1/1 129/129/129
f 402/402/402 403/403/403 2/2/2
f 402/402/402 2/2/2 1/1/1
f 403/403/403 404/404/404 3/3/3
f 403/403/403 3/3/3 2/2/2
f 404/404/404 405/405/405 4/4/4
f 404/404/404 4/4/4 3/3/3
f 405/405/405 406/406/406 5/5/5
f 405/405/405 5/5/5 4/4/4
f 406/406/406 407/407/407 6/6/6
f 406/406/406 6/6/6 5/5/5
f 407/407/407 408/408/408 7/7/7
f 407/407/407 7/7/7 6/6/6
f 408/408/408 409/409/409 8/8/8
f 408/408/408 8/8/8 7/7/7
f 409/409/409 410/410/410 9/9/9
f 409/409/409 9/9/9 8/8/8
f 410/410/410 411/411/411 10/10/10
f 410/410/410 10/10/10 9/9/9
f 411/411/411 412/412/412 11/11/11
f 411/411/411 11/11/11 10/10/10
f 412/412/412 413/413/413 12/12/12
f 412/412/412 12/12/12 11/11/11
f 413/413/413 414/414/414 13/13/13
f 413/413/413 13/13/13 12/12/12
f 414/414/414 415/415/415 14/14/14
f 414/414/414 14/14/14 13/13/13
f 415/415/415 416/416/416 15/15/15
f 415/415/415 15/15/15 14/14/14
f 416/416/416 417/417/417 16/16/16
f 416/416/416 16/16/16 15/15/15
f 417/417/417 418/418/418 17/17/17
f 417/417/417 17/17/17 16/16/16
f 418/418/418 419/419/419 130/130/130
f 418/418/418 130/130/130 17/17/17
f 419/419/419 420/420/420 131/131/131
f 419/419/419 131/131/131 130/130/130
f 420/420/420 421/421/421 132/132/132
f 420/420/420 132/132/132 131/131/131
f 421/421/421 422/422/422 117/117/117
f 421/421/421 117/117/117 132/132/132
f 422/422/422 423/423/423 118/118/118
f 422/422/422 118/118/118 117/117/117
f 423/423/423 424/424/424 119/119/119
f 423/423/423 119/119/119 118/118/118
f 424/424/424 425/425/425 120/120/120
f 424/424/424 120/120/120 119/119/119
f 425/425/425 426/426/426 121/121/121
f 425/425/425 121/121/121 120/120/120
f 426/426/426 427/427/427 122/122/122
f 426/426/426 122/122/122 121/121/121
f 427/427/427 428/428/428 123/123/123
f 427/427/427 123/123/123 122/122/122
f 428/428/428 429/429/429 124/124/124
f 428/428/428 124/124/124 123/123/123
f 429/429/429 398/398/398 126/126/126
f 429/429/429 126/126/126 124/124/124
f 430/430/430 432/432/432 20/20/20
f 430/430/430 20/20/20 18/18/18
f 432/432/432 433/433/433 21/21/21
f 432/432/432 21/21/21 20/20/20
f 433/433/433 434/434/434 22/22/22
f 433/433/433 22/22/22 21/21/21
f 434/434/434 435/435/435 23/23/23
f 434/434/434 23/23/23 22/22/22
f 435/435/435 436/436/436 24/24/24
f 435/435/435 24/24/24 23/23/23
f 436/436/436 437/437/437 25/25/25
f 436/436/436 25/25/25 24/24/24
f 437/437/437 438/438/438 26/26/26
f 437/437/437 26/26/26 25/25/25
f 438/438/438 439/439/439 27/27/27
f 438/438/438 27/27/27 26/26/26
f 439/439/439 440/440/440 28/28/28
f 439/439/439 28/28/28 27/27/27
f 440/440/440 441/441/441 29/29/29
f 440/440/440 29/29/29 28/28/28
f 441/441/441 442/442/442 30/30/30
f 441/441/441 30/30/30 29/29/29
f 442/442/442 443/443/443 31/31/31
f 442/442/442 31/31/31 30/30/30
f 443/443/443 444/444/444 32/32/32
f 443/443/443 32/32/32 31/31/31
f 444/444/444 445/445/445 33/33/33
f 444/444/444 33/33/33 32/32/32
f 445/445/445 446/446/446 34/34/34
f 445/445/445 34/34/34 33/33/33
f 446/446/446 447/447/447 35/35/35
f 446/446/446 35/35/35 34/34/34
f 447/447/447 448/448/448 36/36/36
f 447/447/447 36/36/36 35/35/35
f 448/448/448 449/449/449 37/37/37
f 448/448/448 37/37/37 36/36/36
f 449/449/449 450/450/450 38/38/38
f 449/449/449 38/38/38 37/37/37
f 450/450/450 451/451/451 39/39/39
f 450/450/450 39/39/39 38/38/38
f 451/451/451 452/452/452 40/40/40
f 451/451/451 40/40/40 39/39/39
f 452/452/452 453/453/453 41/41/41
f 452/452/452 41/41/41 40/40/40
f 453/453/453 454/454/454 42/42/42
f 453/453/453 42/42/42 41/41/41
f 454/454/454 455/455/455 43/43/43
f 454/454/454 43/43/43 42/42/42
f 455/455/455 456/456/456 44/44/44
f 455/455/455 44/44/44 43/43/43
f 456/456/456 457/457/457 45/45/45
f 456/456/456 45/45/45 44/44/44
f 457/457/457 458/458/458 46/46/46
f 457/457/457 46/46/46 45/45/45
f 458/458/458 459/459/459 47/47/47
f 458/458/458 47/47/47 46/46/46
f 459/459/459 460/460/460 48/48/48
f 459/459/459 48/48/48 47/47/47
f 460/460/460 461/461/461 49/49/49
f 460/460/460 49/49/49 48/48/48
f 461/461/461 462/462/462 50/50/50
f 461/461/461 50/50/50 49/49/49
f 462/462/462 431/431/431 19/19/19
f 462/462/462 19/19/19 50/50/50
f 463/463/463 465/465/465 53/53/53
f 463/463/463 53/53/53 51/51/51
f 465/465/465 466/466/466 54/54/54
f 465/465/465 54/54/54 53/53/53
f 466/466/466 467/467/467 55/55/55
f 466/466/466 55/55/55 54/54/54
f 467/467/467 468/468/468 56/56/56
f 467/467/467 56/56/56 55/55/55
f 468/468/468 469/469/469 57/57/57
f 468/468/468 57/57/57 56/56/56
f 469/469/469 470/470/470 58/58/58
f 469/469/469 58/58/58 57/57/57
f 470/470/470 471/471/471 59/59/59
f 470/470/470 59/59/59 58/58/58
f 471/471/471 472/472/472 60/60/60
f 471/471/471 60/60/60 59/59/59
f 472/472/472 473/473/473 61/61/61
f 472/472/472 61/61/61 60/60/60
f 473/473/473 474/474/474 62/62/62
f 473/473/473 62/62/62 61/61/61
f 474/474/474 475/475/475 63/63/63
f 474/474/474 63/63/63 62/62/62
f 475/475/475 476/476/476 64/64/64
f 475/475/475 64/64/64 63/63/63
f 476/476/476 477/477/477 65/65/65
f 476/476/476 65/65/65 64/64/64
f 477/477/477 478/478/478 66/66/66
f 477/477/477 66/66/66 65/65/65
f 478/478/478 479/479/479 67/67/67
f 478/478/478 67/67/67 66/66/66
f 479/479/479 480/480/480 68/68/68
f 479/479/479 68/68/68 67/67/67
f 480/480/480 481/481/481 69/69/69
f 480/480/480 69/69/69 68/68/68
f 481/481/481 482/482/482 70/70/70
f 481/481/481 70/70/70 69/69/69
f 482/482/482 483/483/483 71/71/71
f 482/482/482 71/71/71 70/70/70
f 483/483/483 484/484/484 72/72/72
f 483/483/483 72/72/72 71/71/71
f 484/484/484 485/485/485 73/73/73
f 484/484/484 73/73/73 72/72/72
f 485/485/485 486/486/486 74/74/74
f 485/485/485 74/74/74 73/73/73
f 486/486/486 487/487/487 75/75/75
f 486/486/486 75/75/75 74/74/74
f 487/487/487 488/488/488 76/76/76
f 487/487/487 76/76/76 75/75/75
f 488/488/488 489/489/489 77/77/77
f 488/488/488 77/77/77 76/76/76
f 489/489/489 490/490/490 78/78/78
f 489/489/489 78/78/78 77/77/77
f 490/490/490 491/491/491 79/79/79
f 490/490/490 79/79/79 78/78/78
f 491/491/491 492/492/492 80/80/80
f 491/491/491 80/80/80 79/79/79
f 492/492/492 493/493/493 81/81/81
f 492/492/492 81/81/81 80/80/80
f 493/493/493 494/494/494 82/82/82
f 493/493/493 82/82/82 81/81/81
f 494/494/494 495/495/495 83/83/83
f 494/494/494 83/83/83 82/82/82
f 495/495/495 464/464/464 52/52/52
f 495/495/495 52/52/52 83/83/83
f 118/118/118 496/496/496 824/824/824
f 118/118/118 824/824/824 117/117/117
f 119/119/119 498/498/498 496/496/496
f 119/119/119 496/496/496 118/118/118
f 120/120/120 499/499/499 498/498/498
f 120/120/120 498/498/498 119/119/119
f 121/121/121 500/500/500 499/499/499
f 121/121/121 499/499/499 120/120/120
f 122/122/122 501/501/501 500/500/500
f 122/122/122 500/500/500 121/121/121
f 123/123/123 502/502/502 501/501/501
f 123/123/123 501/501/501 122/122/122
f 124/124/124 503/503/503 502/502/502
f 124/124/124 502/502/502 123/123/123
f 126/126/126 505/505/505 503/503/503
f 126/126/126 503/503/503 124/124/124
f 127/127/127 506/506/506 504/504/504
f 127/127/127 504/504/504 125/125/125
f 128/128/128 507/507/507 506/506/506
f 128/128/128 506/506/506 127/127/127
f 129/129/129 508/508/508 507/507/507
f 129/129/129 507/507/507 128/128/128
f 1/1/1 509/509/509 508/508/508
f 1/1/1 508/508/508 129/129/129
f 2/2/2 510/510/510 509/509/509
f 2/2/2 509/509/509 1/1/1
f 3/3/3 511/511/511 510/510/510
f 3/3/3 510/510/510 2/2/2
f 4/4/4 512/512/512 511/511/511
f 4/4/4 511/511/511 3/3/3
f 5/5/5 513/513/513 512/512/512
f 5/5/5 512/512/512 4/4/4
f 6/6/6 514/514/514 513/513/513
f 6/6/6 513/513/513 5/5/5
f 7/7/7 515/515/515 514/514/514
f 7/7/7 514/514/514 6/6/6
f 8/8/8 516/516/516 515/515/515
f 8/8/8 515/515/515 7/7/7
f 9/9/9 517/517/517 516/516/516
f 9/9/9 516/516/516 8/8/8
f 10/10/10 518/518/518 517/517/517
f 10/10/10 517/517/517 9/9/9
f 11/11/11 519/519/519 518/518/518
f 11/11/11 518/518/518 10/10/10
f 12/12/12 520/520/520 519/519/519
f 12/12/12 519/519/519 11/11/11
f 13/13/13 521/521/521 520/520/520
f 13/13/13 520/520/520 12/12/12
f 14/14/14 522/522/522 521/521/521
f 14/14/14 521/521/521 13/13/13
f 15/15/15 523/523/523 522/522/522
f 15/15/15 522/522/522 14/14/14
f 16/16/16 524/524/524 523/523/523
f 16/16/16 523/523/523 15/15/15
f 17/17/17 525/525/525 524/524/524
f 17/17/17 524/524/524 16/16/16
f 130/130/130 526/526/526 525/525/525
f 130/130/130 525/525/525 17/17/17
f 131/131/131 527/527/527 526/526/526
f 131/131/131 526/526/526 130/130/130
f 132/132/132 528/528/528 527/527/527
f 132/132/132 527/527/527 131/131/131
f 117/117/117 824/824/824 528/528/528
f 117/117/117 528/528/528 132/132/132
f 84/84/84 529/529/529 531/531/531
f 84/84/84 531/531/531 86/86/86
f 86/86/86 531/531/531 532/532/532
f 86/86/86 532/532/532 87/87/87
f 87/87/87 532/532/532 533/533/533
f 87/87/87 533/533/533 88/88/88
f 88/88/88 533/533/533 534/534/534
f 88/88/88 534/534/534 89/89/89
f 89/89/89 534/534/534 535/535/535
f 89/89/89 535/535/535 90/90/90
f 90/90/90 535/535/535 536/536/536
f 90/90/90 536/536/536 91/91/91
f 91/91/91 536/536/536 537/537/537
f 91/91/91 537/537/537 92/92/92
f 92/92/92 537/537/537 538/538/538
f 92/92/92 538/538/538 93/93/93
f 93/93/93 538/538/538 539/539/539
f 93/93/93 539/539/539 94/94/94
f 94/94/94 539/539/539 540/540/540
f 94/94/94 540/540/540 95/95/95
f 95/95/95 540/540/540 541/541/541
f 95/95/95 541/541/541 96/96/96
f 96/96/96 541/541/541 542/542/542
f 96/96/96 542/542/542 97/97/97
f 97/97/97 542/542/542 543/543/543
f 97/97/97 543/543/543 98/98/98
f 98/98/98 543/543/543 544/544/544
f 98/98/98 544/544/544 99/99/99
f 99/99/99 544/544/544 545/545/545
f 99/99/99 545/545/545 100/100/100
f 100/100/100 545/545/545 546/546/546
f 100/100/100 546/546/546 101/101/101
f 101/101/101 546/546/546 547/547/547
f 101/101/101 547/547/547 102/102/102
f 102/102/102 547/547/547 548/548/548
f 102/102/102 548/548/548 103/103/103
f 103/103/103 548/548/548 549/549/549
f 103/103/103 549/549/549 104/104/104
f 104/104/104 549/549/549 550/550/550
f 104/104/104 550/550/550 105/105/105
f 105/105/105 550/550/550 551/551/551
f 105/105/105 551/551/551 106/106/106
f 106/106/106 551/551/551 552/552/552
f 106/106/106 552/552/552 107/107/107
f 107/107/107 552/552/552 553/553/553
f 107/107/107 553/553/553 108/108/108
f 108/108/108 553/553/553 554/554/554
f 108/108/108 554/554/554 109/109/109
f 109/109/109 554/554/554 555/555/555
f 109/109/109 555/555/555 110/110/110
f 110/110/110 555/555/555 556/556/556
f 110/110/110 556/556/556 111/111/111
f 111/111/111 556/556/556 557/557/557
f 111/111/111 557/557/557 112/112/112
f 112/112/112 557/557/557 558/558/558
f 112/112/112 558/558/558 113/113/113
f 113/113/113 558/558/558 559/559/559
f 113/113/113 559/559/559 114/114/114
f 114/114/114 559/559/559 560/560/560
f 114/114/114 560/560/560 115/115/115
f 115/115/115 560/560/560 561/561/561
f 115/115/115 561/561/561 116/116/116
f 116/116/116 561/561/561 530/530/530
f 116/116/116 530/530/530 85/85/85
f 590/590/590 683/683/683 229/229/229
f 590/590/590 229/229/229 228/228/228
f 589/589/589 590/590/590 228/228/228
f 589/589/589 228/228/228 227/227/227
f 588/588/588 589/589/589 227/227/227
f 588/588/588 227/227/227 226/226/226
f 587/587/587 588/588/588 226/226/226
f 587/587/587 226/226/226 225/225/225
f 586/586/586 587/587/587 225/225/225
f 586/586/586 225/225/225 224/224/224
f 585/585/585 586/586/586 224/224/224
f 585/585/585 224/224/224 223/223/223
f 584/584/584 585/585/585 223/223/223
f 584/584/584 223/223/223 222/222/222
f 583/583/583 584/584/584 222/222/222
f 583/583/583 222/222/222 221/221/221
f 581/581/581 582/582/582 220/220/220
f 581/581/581 220/220/220 219/219/219
f 580/580/580 581/581/581 219/219/219
f 580/580/580 219/219/219 218/218/218
f 579/579/579 580/580/580 218/218/218
f 579/579/579 218/218/218 217/217/217
f 578/578/578 579/579/579 217/217/217
f 578/578/578 217/217/217 216/216/216
f 577/577/577 578/578/578 216/216/216
f 577/577/577 216/216/216 215/215/215
f 576/576/576 577/577/577 215/215/215
f 576/576/576 215/215/215 214/214/214
f 575/575/575 576/576/576 214/214/214
f 575/575/575 214/214/214 213/213/213
f 574/574/574 575/575/575 213/213/213
f 574/574/574 213/213/213 212/212/212
f 573/573/573 574/574/574 212/212/212
f 573/573/573 212/212/212 211/211/211
f 572/572/572 573/573/573 211/211/211
f 572/572/572 211/211/211 210/210/210
f 571/571/571 572/572/572 210/210/210
f 571/571/571 210/210/210 209/209/209
f 570/570/570 571/571/571 209/209/209
f 570/570/570 209/209/209 208/208/208
f 569/569/569 570/570/570 208/208/208
f 569/569/569 208/208/208 207/207/207
f 568/568/568 569/569/569 207/207/207
f 568/568/568 207/207/207 206/206/206
f 567/567/567 568/568/568 206/206/206
f 567/567/567 206/206/206 205/205/205
f 566/566/566 567/567/567 205/205/205
f 566/566/566 205/205/205 204/204/204
f 565/565/565 566/566/566 204/204/204
f 565/565/565 204/204/204 203/203/203
f 564/564/564 565/565/565 203/203/203
f 564/564/564 203/203/203 202/202/202
f 563/563/563 564/564/564 202/202/202
f 563/563/563 202/202/202 201/201/201
f 594/594/594 563/563/563 201/201/201
f 594/594/594 201/201/201 233/233/233
f 593/593/593 594/594/594 233/233/233
f 593/593/593 233/233/233 232/232/232
f 592/592/592 593/593/593 232/232/232
f 592/592/592 232/232/232 231/231/231
f 591/591/591 592/592/592 231/231/231
f 591/591/591 231/231/231 230/230/230
f 683/683/683 591/591/591 230/230/230
f 683/683/683 230/230/230 229/229/229
f 267/267/267 598/598/598 596/596/596
f 267/267/267 596/596/596 133/133/133
f 268/268/268 600/600/600 598/598/598
f 268/268/268 598/598/598 267/267/267
f 269/269/269 602/602/602 600/600/600
f 269/269/269 600/600/600 268/268/268
f 270/270/270 604/604/604 602/602/602
f 270/270/270 602/602/602 269/269/269
f 271/271/271 606/606/606 604/604/604
f 271/271/271 604/604/604 270/270/270
f 272/272/272 608/608/608 606/606/606
f 272/272/272 606/606/606 271/271/271
f 273/273/273 610/610/610 608/608/608
f 273/273/273 608/608/608 272/272/272
f 275/275/275 614/614/614 610/610/610
f 275/275/275 610/610/610 273/273/273
f 276/276/276 615/615/615 613/613/613
f 276/276/276 613/613/613 274/274/274
f 277/277/277 617/617/617 615/615/615
f 277/277/277 615/615/615 276/276/276
f 278/278/278 619/619/619 617/617/617
f 278/278/278 617/617/617 277/277/277
f 279/279/279 621/621/621 619/619/619
f 279/279/279 619/619/619 278/278/278
f 280/280/280 623/623/623 621/621/621
f 280/280/280 621/621/621 279/279/279
f 281/281/281 625/625/625 623/623/623
f 281/281/281 623/623/623 280/280/280
f 282/282/282 627/627/627 625/625/625
f 282/282/282 625/625/625 281/281/281
f 283/283/283 629/629/629 627/627/627
f 283/283/283 627/627/627 282/282/282
f 284/284/284 631/631/631 629/629/629
f 284/284/284 629/629/629 283/283/283
f 285/285/285 633/633/633 631/631/631
f 285/285/285 631/631/631 284/284/284
f 286/286/286 635/635/635 633/633/633
f 286/286/286 633/633/633 285/285/285
f 287/287/287 637/637/637 635/635/635
f 287/287/287 635/635/635 286/286/286
f 288/288/288 639/639/639 637/637/637
f 288/288/288 637/637/637 287/287/287
f 289/289/289 641/641/641 639/639/639
f 289/289/289 639/639/639 288/288/288
f 290/290/290 643/643/643 641/641/641
f 290/290/290 641/641/641 289/289/289
f 291/291/291 646/646/646 643/643/643
f 291/291/291 643/643/643 290/290/290
f 292/292/292 648/648/648 646/646/646
f 292/292/292 646/646/646 291/291/291
f 293/293/293 650/650/650 648/648/648
f 293/293/293 648/648/648 292/292/292
f 294/294/294 652/652/652 650/650/650
f 294/294/294 650/650/650 293/293/293
f 295/295/295 654/654/654 652/652/652
f 295/295/295 652/652/652 294/294/294
f 296/296/296 656/656/656 654/654/654
f 296/296/296 654/654/654 295/295/295
f 297/297/297 658/658/658 656/656/656
f 297/297/297 656/656/656 296/296/296
f 134/134/134 660/660/660 658/658/658
f 134/134/134 658/658/658 297/297/297
f 133/133/133 596/596/596 660/660/660
f 133/133/133 660/660/660 134/134/134
f 682/682/682 726/726/726 256/256/256
f 682/682/682 256/256/256 255/255/255
f 681/681/681 682/682/682 255/255/255
f 681/681/681 255/255/255 254/254/254
f 680/680/680 681/681/681 254/254/254
f 680/680/680 254/254/254 253/253/253
f 679/679/679 680/680/680 253/253/253
f 679/679/679 253/253/253 252/252/252
f 678/678/678 679/679/679 252/252/252
f 678/678/678 252/252/252 251/251/251
f 677/677/677 678/678/678 251/251/251
f 677/677/677 251/251/251 250/250/250
f 676/676/676 677/677/677 250/250/250
f 676/676/676 250/250/250 249/249/249
f 675/675/675 676/676/676 249/249/249
f 675/675/675 249/249/249 248/248/248
f 673/673/673 674/674/674 247/247/247
f 673/673/673 247/247/247 246/246/246
f 672/672/672 673/673/673 246/246/246
f 672/672/672 246/246/246 245/245/245
f 671/671/671 672/672/672 245/245/245
f 671/671/671 245/245/245 244/244/244
f 670/670/670 671/671/671 244/244/244
f 670/670/670 244/244/244 243/243/243
f 669/669/669 670/670/670 243/243/243
f 669/669/669 243/243/243 242/242/242
f 668/668/668 669/669/669 242/242/242
f 668/668/668 242/242/242 241/241/241
f 667/667/667 668/668/668 241/241/241
f 667/667/667 241/241/241 240/240/240
f 666/666/666 667/667/667 240/240/240
f 666/666/666 240/240/240 239/239/239
f 665/665/665 666/666/666 239/239/239
f 665/665/665 239/239/239 238/238/238
f 664/664/664 665/665/665 238/238/238
f 664/664/664 238/238/238 237/237/237
f 663/663/663 664/664/664 237/237/237
f 663/663/663 237/237/237 236/236/236
f 662/662/662 663/663/663 236/236/236
f 662/662/662 236/236/236 235/235/235
f 661/661/661 662/662/662 235/235/235
f 661/661/661 235/235/235 234/234/234
f 693/693/693 661/661/661 234/234/234
f 693/693/693 234/234/234 266/266/266
f 692/692/692 693/693/693 266/266/266
f 692/692/692 266/266/266 265/265/265
f 691/691/691 692/692/692 265/265/265
f 691/691/691 265/265/265 264/264/264
f 690/690/690 691/691/691 264/264/264
f 690/690/690 264/264/264 263/263/263
f 689/689/689 690/690/690 263/263/263
f 689/689/689 263/263/263 262/262/262
f 688/688/688 689/689/689 262/262/262
f 688/688/688 262/262/262 261/261/261
f 687/687/687 688/688/688 261/261/261
f 687/687/687 261/261/261 260/260/260
f 686/686/686 687/687/687 260/260/260
f 686/686/686 260/260/260 259/259/259
f 685/685/685 686/686/686 259/259/259
f 685/685/685 259/259/259 258/258/258
f 684/684/684 685/685/685 258/258/258
f 684/684/684 258/258/258 257/257/257
f 726/726/726 684/684/684 257/257/257
f 726/726/726 257/257/257 256/256/256
f 736/736/736 735/735/735 326/326/326
f 736/736/736 326/326/326 325/325/325
f 737/737/737 736/736/736 325/325/325
f 737/737/737 325/325/325 324/324/324
f 738/738/738 737/737/737 324/324/324
f 738/738/738 324/324/324 323/323/323
f 739/739/739 738/738/738 323/323/323
f 739/739/739 323/323/323 322/322/322
f 740/740/740 739/739/739 322/322/322
f 740/740/740 322/322/322 321/321/321
f 741/741/741 740/740/740 321/321/321
f 741/741/741 321/321/321 320/320/320
f 742/742/742 741/741/741 320/320/320
f 742/742/742 320/320/320 319/319/319
f 744/744/744 742/742/742 319/319/319
f 744/744/744 319/319/319 318/318/318
f 745/745/745 743/743/743 317/317/317
f 745/745/745 317/317/317 316/316/316
f 746/746/746 745/745/745 316/316/316
f 746/746/746 316/316/316 315/315/315
f 747/747/747 746/746/746 315/315/315
f 747/747/747 315/315/315 314/314/314
f 748/748/748 747/747/747 314/314/314
f 748/748/748 314/314/314 313/313/313
f 749/749/749 748/748/748 313/313/313
f 749/749/749 313/313/313 312/312/312
f 750/750/750 749/749/749 312/312/312
f 750/750/750 312/312/312 311/311/311
f 751/751/751 750/750/750 311/311/311
f 751/751/751 311/311/311 310/310/310
f 752/752/752 751/751/751 310/310/310
f 752/752/752 310/310/310 309/309/309
f 753/753/753 752/752/752 309/309/309
f 753/753/753 309/309/309 308/308/308
f 754/754/754 753/753/753 308/308/308
f 754/754/754 308/308/308 307/307/307
f 755/755/755 754/754/754 307/307/307
f 755/755/755 307/307/307 306/306/306
f 756/756/756 755/755/755 306/306/306
f 756/756/756 306/306/306 305/305/305
f 757/757/757 756/756/756 305/305/305
f 757/757/757 305/305/305 304/304/304
f 758/758/758 757/757/757 304/304/304
f 758/758/758 304/304/304 303/303/303
f 759/759/759 758/758/758 303/303/303
f 759/759/759 303/303/303 302/302/302
f 727/727/727 759/759/759 302/302/302
f 727/727/727 302/302/302 301/301/301
f 728/728/728 727/727/727 301/301/301
f 728/728/728 301/301/301 300/300/300
f 729/729/729 728/728/728 300/300/300
f 729/729/729 300/300/300 299/299/299
f 730/730/730 729/729/729 299/299/299
f 730/730/730 299/299/299 298/298/298
f 731/731/731 730/730/730 298/298/298
f 731/731/731 298/298/298 330/330/330
f 732/732/732 731/731/731 330/330/330
f 732/732/732 330/330/330 329/329/329
f 733/733/733 732/732/732 329/329/329
f 733/733/733 329/329/329 328/328/328
f 725/725/725 733/733/733 328/328/328
f 725/725/725 328/328/328 327/327/327
f 735/735/735 725/725/725 327/327/327
f 735/735/735 327/327/327 326/326/326
f 761/761/761 760/760/760 339/339/339
f 761/761/761 339/339/339 340/340/340
f 762/762/762 761/761/761 340/340/340
f 762/762/762 340/340/340 341/341/341
f 763/763/763 762/762/762 341/341/341
f 763/763/763 341/341/341 342/342/342
f 764/764/764 763/763/763 342/342/342
f 764/764/764 342/342/342 343/343/343
f 765/765/765 764/764/764 343/343/343
f 765/765/765 343/343/343 344/344/344
f 766/766/766 765/765/765 344/344/344
f 766/766/766 344/344/344 345/345/345
f 767/767/767 766/766/766 345/345/345
f 767/767/767 345/345/345 346/346/346
f 769/769/769 767/767/767 346/346/346
f 769/769/769 346/346/346 348/348/348
f 770/770/770 768/768/768 347/347/347
f 770/770/770 347/347/347 349/349/349
f 771/771/771 770/770/770 349/349/349
f 771/771/771 349/349/349 350/350/350
f 772/772/772 771/771/771 350/350/350
f 772/772/772 350/350/350 351/351/351
f 773/773/773 772/772/772 351/351/351
f 773/773/773 351/351/351 352/352/352
f 774/774/774 773/773/773 352/352/352
f 774/774/774 352/352/352 353/353/353
f 775/775/775 774/774/774 353/353/353
f 775/775/775 353/353/353 354/354/354
f 776/776/776 775/775/775 354/354/354
f 776/776/776 354/354/354 355/355/355
f 777/777/777 776/776/776 355/355/355
f 777/777/777 355/355/355 356/356/356
f 778/778/778 777/777/777 356/356/356
f 778/778/778 356/356/356 357/357/357
f 779/779/779 778/778/778 357/357/357
f 779/779/779 357/357/357 358/358/358
f 780/780/780 779/779/779 358/358/358
f 780/780/780 358/358/358 359/359/359
f 781/781/781 780/780/780 359/359/359
f 781/781/781 359/359/359 360/360/360
f 782/782/782 781/781/781 360/360/360
f 782/782/782 360/360/360 361/361/361
f 783/783/783 782/782/782 361/361/361
f 783/783/783 361/361/361 362/362/362
f 784/784/784 783/783/783 362/362/362
f 784/784/784 362/362/362 363/363/363
f 785/785/785 784/784/784 363/363/363
f 785/785/785 363/363/363 331/331/331
f 786/786/786 785/785/785 331/331/331
f 786/786/786 331/331/331 332/332/332
f 787/787/787 786/786/786 332/332/332
f 787/787/787 332/332/332 333/333/333
f 788/788/788 787/787/787 333/333/333
f 788/788/788 333/333/333 334/334/334
f 789/789/789 788/788/788 334/334/334
f 789/789/789 334/334/334 335/335/335
f 790/790/790 789/789/789 335/335/335
f 790/790/790 335/335/335 336/336/336
f 791/791/791 790/790/790 336/336/336
f 791/791/791 336/336/336 337/337/337
f 734/734/734 791/791/791 337/337/337
f 734/734/734 337/337/337 338/338/338
f 760/760/760 734/734/734 338/338/338
f 760/760/760 338/338/338 339/339/339
f 694/694/694 497/497/497 364/364/364
f 694/694/694 364/364/364 365/365/365
f 695/695/695 694/694/694 365/365/365
f 695/695/695 365/365/365 366/366/366
f 696/696/696 695/695/695 366/366/366
f 696/696/696 366/366/366 367/367/367
f 697/697/697 696/696/696 367/367/367
f 697/697/697 367/367/367 368/368/368
f 698/698/698 697/697/697 368/368/368
f 698/698/698 368/368/368 369/369/369
f 699/699/699 698/698/698 369/369/369
f 699/699/699 369/369/369 370/370/370
f 700/700/700 699/699/699 370/370/370
f 700/700/700 370/370/370 371/371/371
f 702/702/702 700/700/700 371/371/371
f 702/702/702 371/371/371 373/373/373
f 703/703/703 701/701/701 372/372/372
f 703/703/703 372/372/372 374/374/374
f 704/704/704 703/703/703 374/374/374
f 704/704/704 374/374/374 375/375/375
f 705/705/705 704/704/704 375/375/375
f 705/705/705 375/375/375 376/376/376
f 706/706/706 705/705/705 376/376/376
f 706/706/706 376/376/376 377/377/377
f 707/707/707 706/706/706 377/377/377
f 707/707/707 377/377/377 378/378/378
f 708/708/708 707/707/707 378/378/378
f 708/708/708 378/378/378 379/379/379
f 709/709/709 708/708/708 379/379/379
f 709/709/709 379/379/379 380/380/380
f 710/710/710 709/709/709 380/380/380
f 710/710/710 380/380/380 381/381/381
f 711/711/711 710/710/710 381/381/381
f 711/711/711 381/381/381 382/382/382
f 712/712/712 711/711/711 382/382/382
f 712/712/712 382/382/382 383/383/383
f 713/713/713 712/712/712 383/383/383
f 713/713/713 383/383/383 384/384/384
f 714/714/714 713/713/713 384/384/384
f 714/714/714 384/384/384 385/385/385
f 715/715/715 714/714/714 385/385/385
f 715/715/715 385/385/385 386/386/386
f 716/716/716 715/715/715 386/386/386
f 716/716/716 386/386/386 387/387/387
f 717/717/717 716/716/716 387/387/387
f 717/717/717 387/387/387 388/388/388
f 718/718/718 717/717/717 388/388/388
f 718/718/718 388/388/388 389/389/389
f 719/719/719 718/718/718 389/389/389
f 719/719/719 389/389/389 390/390/390
f 720/720/720 719/719/719 390/390/390
f 720/720/720 390/390/390 391/391/391
f 721/721/721 720/720/720 391/391/391
f 721/721/721 391/391/391 392/392/392
f 722/722/722 721/721/721 392/392/392
f 722/722/722 392/392/392 393/393/393
f 723/723/723 722/722/722 393/393/393
f 723/723/723 393/393/393 394/394/394
f 724/724/724 723/723/723 394/394/394
f 724/724/724 394/394/394 395/395/395
f 792/792/792 724/724/724 395/395/395
f 792/792/792 395/395/395 396/396/396
f 497/497/497 792/792/792 396/396/396
f 497/497/497 396/396/396 364/364/364
f 18/18/18 20/20/20 399/399/399
f 18/18/18 399/399/399 397/397/397
f 20/20/20 21/21/21 400/400/400
f 20/20/20 400/400/400 399/399/399
f 21/21/21 22/22/22 401/401/401
f 21/21/21 401/401/401 400/400/400
f 22/22/22 23/23/23 402/402/402
f 22/22/22 402/402/402 401/401/401
f 23/23/23 24/24/24 403/403/403
f 23/23/23 403/403/403 402/402/402
f 24/24/24 25/25/25 404/404/404
f 24/24/24 404/404/404 403/403/403
f 25/25/25 26/26/26 405/405/405
f 25/25/25 405/405/405 404/404/404
f 26/26/26 27/27/27 406/406/406
f 26/26/26 406/406/406 405/405/405
f 27/27/27 28/28/28 407/407/407
f 27/27/27 407/407/407 406/406/406
f 28/28/28 29/29/29 408/408/408
f 28/28/28 408/408/408 407/407/407
f 29/29/29 30/30/30 409/409/409
f 29/29/29 409/409/409 408/408/408
f 30/30/30 31/31/31 410/410/410
f 30/30/30 410/410/410 409/409/409
f 31/31/31 32/32/32 411/411/411
f 31/31/31 411/411/411 410/410/410
f 32/32/32 33/33/33 412/412/412
f 32/32/32 412/412/412 411/411/411
f 33/33/33 34/34/34 413/413/413
f 33/33/33 413/413/413 412/412/412
f 34/34/34 35/35/35 414/414/414
f 34/34/34 414/414/414 413/413/413
f 35/35/35 36/36/36 415/415/415
f 35/35/35 415/415/415 414/414/414
f 36/36/36 37/37/37 416/416/416
f 36/36/36 416/416/416 415/415/415
f 37/37/37 38/38/38 417/417/417
f 37/37/37 417/417/417 416/416/416
f 38/38/38 39/39/39 418/418/418
f 38/38/38 418/418/418 417/417/417
f 39/39/39 40/40/40 419/419/419
f 39/39/39 419/419/419 418/418/418
f 40/40/40 41/41/41 420/420/420
f 40/40/40 420/420/420 419/419/419
f 41/41/41 42/42/42 421/421/421
f 41/41/41 421/421/421 420/420/420
f 42/42/42 43/43/43 422/422/422
f 42/42/42 422/422/422 421/421/421
f 43/43/43 44/44/44 423/423/423
f 43/43/43 423/423/423 422/422/422
f 44/44/44 45/45/45 424/424/424
f 44/44/44 424/424/424 423/423/423
f 45/45/45 46/46/46 425/425/425
f 45/45/45 425/425/425 424/424/424
f 46/46/46 47/47/47 426/426/426
f 46/46/46 426/426/426 425/425/425
f 47/47/47 48/48/48 427/427/427
f 47/47/47 427/427/427 426/426/426
f 48/48/48 49/49/49 428/428/428
f 48/48/48 428/428/428 427/427/427
f 49/49/49 50/50/50 429/429/429
f 49/49/49 429/429/429 428/428/428
f 50/50/50 19/19/19 398/398/398
f 50/50/50 398/398/398 429/429/429
f 51/51/51 53/53/53 432/432/432
f 51/51/51 432/432/432 430/430/430
f 53/53/53 54/54/54 433/433/433
f 53/53/53 433/433/433 432/432/432
f 54/54/54 55/55/55 434/434/434
f 54/54/54 434/434/434 433/433/433
f 55/55/55 56/56/56 435/435/435
f 55/55/55 435/435/435 434/434/434
f 56/56/56 57/57/57 436/436/436
f 56/56/56 436/436/436 435/435/435
f 57/57/57 58/58/58 437/437/437
f 57/57/57 437/437/437 436/436/436
f 58/58/58 59/59/59 438/438/438
f 58/58/58 438/438/438 437/437/437
f 59/59/59 60/60/60 439/439/439
f 59/59/59 439/439/439 438/438/438
f 60/60/60 61/61/61 440/440/440
f 60/60/60 440/440/440 439/439/439
f 61/61/61 62/62/62 441/441/441
f 61/61/61 441/441/441 440/440/440
f 62/62/62 63/63/63 442/442/442
f 62/62/62 442/442/442 441/441/441
f 63/63/63 64/64/64 443/443/443
f 63/63/63 443/443/443 442/442/442
f 64/64/64 65/65/65 444/444/444
f 64/64/64 444/444/444 443/443/443
f 65/65/65 66/66/66 445/445/445
f 65/65/65 445/445/445 444/444/444
f 66/66/66 67/67/67 446/446/446
f 66/66/66 446/446/446 445/445/445
f 67/67/67 68/68/68 447/447/447
f 67/67/67 447/447/447 446/446/446
f 68/68/68 69/69/69 448/448/448
f 68/68/68 448/448/448 447/447/447
f 69/69/69 70/70/70 449/449/449
f 69/69/69 449/449/449 448/448/448
f 70/70/70 71/71/71 450/450/450
f 70/70/70 450/450/450 449/449/449
f 71/71/71 72/72/72 451/451/451
f 71/71/71 451/451/451 450/450/450
f 72/72/72 73/73/73 452/452/452
f 72/72/72 452/452/452 451/451/451
f 73/73/73 74/74/74 453/453/453
f 73/73/73 453/453/453 452/452/452
f 74/74/74 75/75/75 454/454/454
f 74/74/74 454/454/454 453/453/453
f 75/75/75 76/76/76 455/455/455
f 75/75/75 455/455/455 454/454/454
f 76/76/76 77/77/77 456/456/456
f 76/76/76 456/456/456 455/455/455
f 77/77/77 78/78/78 457/457/457
f 77/77/77 457/457/457 456/456/456
f 78/78/78 79/79/79 458/458/458
f 78/78/78 458/458/458 457/457/457
f 79/79/79 80/80/80 459/459/459
f 79/79/79 459/459/459 458/458/458
f 80/80/80 81/81/81 460/460/460
f 80/80/80 460/460/460 459/459/459
f 81/81/81 82/82/82 461/461/461
f 81/81/81 461/461/461 460/460/460
f 82/82/82 83/83/83 462/462/462
f 82/82/82 462/462/462 461/461/461
f 83/83/83 52/52/52 431/431/431
f 83/83/83 431/431/431 462/462/462
f 84/84/84 86/86/86 465/465/465
f 84/84/84 465/465/465 463/463/463
f 86/86/86 87/87/87 466/466/466
f 86/86/86 466/466/466 465/465/465
f 87/87/87 88/88/88 467/467/467
f 87/87/87 467/467/467 466/466/466
f 88/88/88 89/89/89 468/468/468
f 88/88/88 468/468/468 467/467/467
f 89/89/89 90/90/90 469/469/469
f 89/89/89 469/469/469 468/468/468
f 90/90/90 91/91/91 470/470/470
f 90/90/90 470/470/470 469/469/469
f 91/91/91 92/92/92 471/471/471
f 91/91/91 471/471/471 470/470/470
f 92/92/92 93/93/93 472/472/472
f 92/92/92 472/472/472 471/471/471
f 93/93/93 94/94/94 473/473/473
f 93/93/93 473/473/473 472/472/472
f 94/94/94 95/95/95 474/474/474
f 94/94/94 474/474/474 473/473/473
f 95/95/95 96/96/96 475/475/475
f 95/95/95 475/475/475 474/474/474
f 96/96/96 97/97/97 476/476/476
f 96/96/96 476/476/476 475/475/475
f 97/97/97 98/98/98 477/477/477
f 97/97/97 477/477/477 476/476/476
f 98/98/98 99/99/99 478/478/478
f 98/98/98 478/478/478 477/477/477
f 99/99/99 100/100/100 479/479/479
f 99/99/99 479/479/479 478/478/478
f 100/100/100 101/101/101 480/480/480
f 100/100/100 480/480/480 479/479/479
f 101/101/101 102/102/102 481/481/481
f 101/101/101 481/481/481 480/480/480
f 102/102/102 103/103/103 482/482/482
f 102/102/102 482/482/482 481/481/481
f 103/103/103 104/104/104 483/483/483
f 103/103/103 483/483/483 482/482/482
f 104/104/104 105/105/105 484/484/484
f 104/104/104 484/484/484 483/483/483
f 105/105/105 106/106/106 485/485/485
f 105/105/105 485/485/485 484/484/484
f 106/106/106 107/107/107 486/486/486
f 106/106/106 486/486/486 485/485/485
f 107/107/107 108/108/108 487/487/487
f 107/107/107 487/487/487 486/486/486
f 108/108/108 109/109/109 488/488/488
f 108/108/108 488/488/488 487/487/487
f 109/109/109 110/110/110 489/489/489
f 109/109/109 489/489/489 488/488/488
f 110/110/110 111/111/111 490/490/490
f 110/110/110 490/490/490 489/489/489
f 111/111/111 112/112/112 491/491/491
f 111/111/111 491/491/491 490/490/490
f 112/112/112 113/113/113 492/492/492
f 112/112/112 492/492/492 491/491/491
f 113/113/113 114/114/114 493/493/493
f 113/113/113 493/493/493 492/492/492
f 114/114/114 115/115/115 494/494/494
f 114/114/114 494/494/494 493/493/493
f 115/115/115 116/116/116 495/495/495
f 115/115/115 495/495/495 494/494/494
f 116/116/116 85/85/85 464/464/464
f 116/116/116 464/464/464 495/495/495
f 827/827/827 826/826/826 824/824/824
f 827/827/827 824/824/824 496/496/496
f 828/828/828 827/827/827 496/496/496
f 828/828/828 496/496/496 498/498/498
f 829/829/829 828/828/828 498/498/498
f 829/829/829 498/498/498 499/499/499
f 830/830/830 829/829/829 499/499/499
f 830/830/830 499/499/499 500/500/500
f 831/831/831 830/830/830 500/500/500
f 831/831/831 500/500/500 501/501/501
f 832/832/832 831/831/831 501/501/501
f 832/832/832 501/501/501 502/502/502
f 833/833/833 832/832/832 502/502/502
f 833/833/833 502/502/502 503/503/503
f 835/835/835 833/833/833 503/503/503
f 835/835/835 503/503/503 505/505/505
f 836/836/836 834/834/834 504/504/504
f 836/836/836 504/504/504 506/506/506
f 837/837/837 836/836/836 506/506/506
f 837/837/837 506/506/506 507/507/507
f 838/838/838 837/837/837 507/507/507
f 838/838/838 507/507/507 508/508/508
f 839/839/839 838/838/838 508/508/508
f 839/839/839 508/508/508 509/509/509
f 840/840/840 839/839/839 509/509/509
f 840/840/840 509/509/509 510/510/510
f 841/841/841 840/840/840 510/510/510
f 841/841/841 510/510/510 511/511/511
f 842/842/842 841/841/841 511/511/511
f 842/842/842 511/511/511 512/512/512
f 843/843/843 842/842/842 512/512/512
f 843/843/843 512/512/512 513/513/513
f 844/844/844 843/843/843 513/513/513
f 844/844/844 513/513/513 514/514/514
f 845/845/845 844/844/844 514/514/514
f 845/845/845 514/514/514 515/515/515
f 846/846/846 845/845/845 515/515/515
f 846/846/846 515/515/515 516/516/516
f 847/847/847 846/846/846 516/516/516
f 847/847/847 516/516/516 517/517/517
f 848/848/848 847/847/847 517/517/517
f 848/848/848 517/517/517 518/518/518
f 849/849/849 848/848/848 518/518/518
f 849/849/849 518/518/518 519/519/519
f 850/850/850 849/849/849 519/519/519
f 850/850/850 519/519/519 520/520/520
f 851/851/851 850/850/850 520/520/520
f 851/851/851 520/520/520 521/521/521
f 852/852/852 851/851/851 521/521/521
f 852/852/852 521/521/521 522/522/522
f 853/853/853 852/852/852 522/522/522
f 853/853/853 522/522/522 523/523/523
f 854/854/854 853/853/853 523/523/523
f 854/854/854 523/523/523 524/524/524
f 855/855/855 854/854/854 524/524/524
f 855/855/855 524/524/524 525/525/525
f 856/856/856 855/855/855 525/525/525
f 856/856/856 525/525/525 526/526/526
f 857/857/857 856/856/856 526/526/526
f 857/857/857 526/526/526 527/527/527
f 858/858/858 857/857/857 527/527/527
f 858/858/858 527/527/527 528/528/528
f 826/826/826 858/858/858 528/528/528
f 826/826/826 528/528/528 824/824/824
f 135/135/135 139/139/139 531/531/531
f 135/135/135 531/531/531 529/529/529
f 139/139/139 141/141/141 532/532/532
f 139/139/139 532/532/532 531/531/531
f 141/141/141 143/143/143 533/533/533
f 141/141/141 533/533/533 532/532/532
f 143/143/143 145/145/145 534/534/534
f 143/143/143 534/534/534 533/533/533
f 145/145/145 147/147/147 535/535/535
f 145/145/145 535/535/535 534/534/534
f 147/147/147 149/149/149 536/536/536
f 147/147/147 536/536/536 535/535/535
f 149/149/149 151/151/151 537/537/537
f 149/149/149 537/537/537 536/536/536
f 151/151/151 153/153/153 538/538/538
f 151/151/151 538/538/538 537/537/537
f 153/153/153 155/155/155 539/539/539
f 153/153/153 539/539/539 538/538/538
f 155/155/155 157/157/157 540/540/540
f 155/155/155 540/540/540 539/539/539
f 157/157/157 159/159/159 541/541/541
f 157/157/157 541/541/541 540/540/540
f 159/159/159 161/161/161 542/542/542
f 159/159/159 542/542/542 541/541/541
f 161/161/161 163/163/163 543/543/543
f 161/161/161 543/543/543 542/542/542
f 163/163/163 165/165/165 544/544/544
f 163/163/163 544/544/544 543/543/543
f 165/165/165 167/167/167 545/545/545
f 165/165/165 545/545/545 544/544/544
f 167/167/167 170/170/170 546/546/546
f 167/167/167 546/546/546 545/545/545
f 170/170/170 172/172/172 547/547/547
f 170/170/170 547/547/547 546/546/546
f 172/172/172 174/174/174 548/548/548
f 172/172/172 548/548/548 547/547/547
f 174/174/174 176/176/176 549/549/549
f 174/174/174 549/549/549 548/548/548
f 176/176/176 178/178/178 550/550/550
f 176/176/176 550/550/550 549/549/549
f 178/178/178 180/180/180 551/551/551
f 178/178/178 551/551/551 550/550/550
f 180/180/180 182/182/182 552/552/552
f 180/180/180 552/552/552 551/551/551
f 182/182/182 184/184/184 553/553/553
f 182/182/182 553/553/553 552/552/552
f 184/184/184 186/186/186 554/554/554
f 184/184/184 554/554/554 553/553/553
f 186/186/186 188/188/188 555/555/555
f 186/186/186 555/555/555 554/554/554
f 188/188/188 190/190/190 556/556/556
f 188/188/188 556/556/556 555/555/555
f 190/190/190 192/192/192 557/557/557
f 190/190/190 557/557/557 556/556/556
f 192/192/192 194/194/194 558/558/558
f 192/192/192 558/558/558 557/557/557
f 194/194/194 196/196/196 559/559/559
f 194/194/194 559/559/559 558/558/558
f 196/196/196 198/198/198 560/560/560
f 196/196/196 560/560/560 559/559/559
f 198/198/198 200/200/200 561/561/561
f 198/198/198 561/561/561 560/560/560
f 200/200/200 136/136/136 530/530/530
f 200/200/200 530/530/530 561/561/561
f 255/255/255 256/256/256 683/683/683
f 255/255/255 683/683/683 590/590/590
f 254/254/254 255/255/255 590/590/590
f 254/254/254 590/590/590 589/589/589
f 253/253/253 254/254/254 589/589/589
f 253/253/253 589/589/589 588/588/588
f 252/252/252 253/253/253 588/588/588
f 252/252/252 588/588/588 587/587/587
f 251/251/251 252/252/252 587/587/587
f 251/251/251 587/587/587 586/586/586
f 250/250/250 251/251/251 586/586/586
f 250/250/250 586/586/586 585/585/585
f 249/249/249 250/250/250 585/585/585
f 249/249/249 585/585/585 584/584/584
f 248/248/248 249/249/249 584/584/584
f 248/248/248 584/584/584 583/583/583
f 246/246/246 247/247/247 582/582/582
f 246/246/246 582/582/582 581/581/581
f 245/245/245 246/246/246 581/581/581
f 245/245/245 581/581/581 580/580/580
f 244/244/244 245/245/245 580/580/580
f 244/244/244 580/580/580 579/579/579
f 243/243/243 244/244/244 579/579/579
f 243/243/243 579/579/579 578/578/578
f 242/242/242 243/243/243 578/578/578
f 242/242/242 578/578/578 577/577/577
f 241/241/241 242/242/242 577/577/577
f 241/241/241 577/577/577 576/576/576
f 240/240/240 241/241/241 576/576/576
f 240/240/240 576/576/576 575/575/575
f 239/239/239 240/240/240 575/575/575
f 239/239/239 575/575/575 574/574/574
f 238/238/238 239/239/239 574/574/574
f 238/238/238 574/574/574 573/573/573
f 237/237/237 238/238/238 573/573/573
f 237/237/237 573/573/573 572/572/572
f 236/236/236 237/237/237 572/572/572
f 236/236/236 572/572/572 571/571/571
f 235/235/235 236/236/236 571/571/571
f 235/235/235 571/571/571 570/570/570
f 234/234/234 235/235/235 570/570/570
f 234/234/234 570/570/570 569/569/569
f 266/266/266 234/234/234 569/569/569
f 266/266/266 569/569/569 568/568/568
f 265/265/265 266/266/266 568/568/568
f 265/265/265 568/568/568 567/567/567
f 264/264/264 265/265/265 567/567/567
f 264/264/264 567/567/567 566/566/566
f 263/263/263 264/264/264 566/566/566
f 263/263/263 566/566/566 565/565/565
f 262/262/262 263/263/263 565/565/565
f 262/262/262 565/565/565 564/564/564
f 261/261/261 262/262/262 564/564/564
f 261/261/261 564/564/564 563/563/563
f 260/260/260 261/261/261 563/563/563
f 260/260/260 563/563/563 594/594/594
f 259/259/259 260/260/260 594/594/594
f 259/259/259 594/594/594 593/593/593
f 258/258/258 259/259/259 593/593/593
f 258/258/258 593/593/593 592/592/592
f 257/257/257 258/258/258 592/592/592
f 257/257/257 592/592/592 591/591/591
f 256/256/256 257/257/257 591/591/591
f 256/256/256 591/591/591 683/683/683
f 325/325/325 326/326/326 726/726/726
f 325/325/325 726/726/726 682/682/682
f 324/324/324 325/325/325 682/682/682
f 324/324/324 682/682/682 681/681/681
f 323/323/323 324/324/324 681/681/681
f 323/323/323 681/681/681 680/680/680
f 322/322/322 323/323/323 680/680/680
f 322/322/322 680/680/680 679/679/679
f 321/321/321 322/322/322 679/679/679
f 321/321/321 679/679/679 678/678/678
f 320/320/320 321/321/321 678/678/678
f 320/320/320 678/678/678 677/677/677
f 319/319/319 320/320/320 677/677/677
f 319/319/319 677/677/677 676/676/676
f 318/318/318 319/319/319 676/676/676
f 318/318/318 676/676/676 675/675/675
f 316/316/316 317/317/317 674/674/674
f 316/316/316 674/674/674 673/673/673
f 315/315/315 316/316/316 673/673/673
f 315/315/315 673/673/673 672/672/672
f 314/314/314 315/315/315 672/672/672
f 314/314/314 672/672/672 671/671/671
f 313/313/313 314/314/314 671/671/671
f 313/313/313 671/671/671 670/670/670
f 312/312/312 313/313/313 670/670/670
f 312/312/312 670/670/670 669/669/669
f 311/311/311 312/312/312 669/669/669
f 311/311/311 669/669/669 668/668/668
f 310/310/310 311/311/311 668/668/668
f 310/310/310 668/668/668 667/667/667
f 309/309/309 310/310/310 667/667/667
f 309/309/309 667/667/667 666/666/666
f 308/308/308 309/309/309 666/666/666
f 308/308/308 666/666/666 665/665/665
f 307/307/307 308/308/308 665/665/665
f 307/307/307 665/665/665 664/664/664
f 306/306/306 307/307/307 664/664/664
f 306/306/306 664/664/664 663/663/663
f 305/305/305 306/306/306 663/663/663
f 305/305/305 663/663/663 662/662/662
f 304/304/304 305/305/305 662/662/662
f 304/304/304 662/662/662 661/661/661
f 303/303/303 304/304/304 661/661/661
f 303/303/303 661/661/661 693/693/693
f 302/302/302 303/303/303 693/693/693
f 302/302/302 693/693/693 692/692/692
f 301/301/301 302/302/302 692/692/692
f 301/301/301 692/692/692 691/691/691
f 300/300/300 301/301/301 691/691/691
f 300/300/300 691/691/691 690/690/690
f 299/299/299 300/300/300 690/690/690
f 299/299/299 690/690/690 689/689/689
f 298/298/298 299/299/299 689/689/689
f 298/298/298 689/689/689 688/688/688
f 330/330/330 298/298/298 688/688/688
f 330/330/330 688/688/688 687/687/687
f 329/329/329 330/330/330 687/687/687
f 329/329/329 687/687/687 686/686/686
f 328/328/328 329/329/329 686/686/686
f 328/328/328 686/686/686 685/685/685
f 327/327/327 328/328/328 685/685/685
f 327/327/327 685/685/685 684/684/684
f 326/326/326 327/327/327 684/684/684
f 326/326/326 684/684/684 726/726/726
f 340/340/340 339/339/339 735/735/735
f 340/340/340 735/735/735 736/736/736
f 341/341/341 340/340/340 736/736/736
f 341/341/341 736/736/736 737/737/737
f 342/342/342 341/341/341 737/737/737
f 342/342/342 737/737/737 738/738/738
f 343/343/343 342/342/342 738/738/738
f 343/343/343 738/738/738 739/739/739
f 344/344/344 343/343/343 739/739/739
f 344/344/344 739/739/739 740/740/740
f 345/345/345 344/344/344 740/740/740
f 345/345/345 740/740/740 741/741/741
f 346/346/346 345/345/345 741/741/741
f 346/346/346 741/741/741 742/742/742
f 348/348/348 346/346/346 742/742/742
f 348/348/348 742/742/742 744/744/744
f 349/349/349 347/347/347 743/743/743
f 349/349/349 743/743/743 745/745/745
f 350/350/350 349/349/349 745/745/745
f 350/350/350 745/745/745 746/746/746
f 351/351/351 350/350/350 746/746/746
f 351/351/351 746/746/746 747/747/747
f 352/352/352 351/351/351 747/747/747
f 352/352/352 747/747/747 748/748/748
f 353/353/353 352/352/352 748/748/748
f 353/353/353 748/748/748 749/749/749
f 354/354/354 353/353/353 749/749/749
f 354/354/354 749/749/749 750/750/750
f 355/355/355 354/354/354 750/750/750
f 355/355/355 750/750/750 751/751/751
f 356/356/356 355/355/355 751/751/751
f 356/356/356 751/751/751 752/752/752
f 357/357/357 356/356/356 752/752/752
f 357/357/357 752/752/752 753/753/753
f 358/358/358 357/357/357 753/753/753
f 358/358/358 753/753/753 754/754/754
f 359/359/359 358/358/358 754/754/754
f 359/359/359 754/754/754 755/755/755
f 360/360/360 359/359/359 755/755/755
f 360/360/360 755/755/755 756/756/756
f 361/361/361 360/360/360 756/756/756
f 361/361/361 756/756/756 757/757/757
f 362/362/362 361/361/361 757/757/757
f 362/362/362 757/757/757 758/758/758
f 363/363/363 362/362/362 758/758/758
f 363/363/363 758/758/758 759/759/759
f 331/331/331 363/363/363 759/759/759
f 331/331/331 759/759/759 727/727/727
f 332/332/332 331/331/331 727/727/727
f 332/332/332 727/727/727 728/728/728
f 333/333/333 332/332/332 728/728/728
f 333/333/333 728/728/728 729/729/729
f 334/334/334 333/333/333 729/729/729
f 334/334/334 729/729/729 730/730/730
f 335/335/335 334/334/334 730/730/730
f 335/335/335 730/730/730 731/731/731
f 336/336/336 335/335/335 731/731/731
f 336/336/336 731/731/731 732/732/732
f 337/337/337 336/336/336 732/732/732
f 337/337/337 732/732/732 733/733/733
f 338/338/338 337/337/337 733/733/733
f 338/338/338 733/733/733 725/725/725
f 339/339/339 338/338/338 725/725/725
f 339/339/339 725/725/725 735/735/735
f 365/365/365 364/364/364 760/760/760
f 365/365/365 760/760/760 761/761/761
f 366/366/366 365/365/365 761/761/761
f 366/366/366 761/761/761 762/762/762
f 367/367/367 366/366/366 762/762/762
f 367/367/367 762/762/762 763/763/763
f 368/368/368 367/367/367 763/763/763
f 368/368/368 763/763/763 764/764/764
f 369/369/369 368/368/368 764/764/764
f 369/369/369 764/764/764 765/765/765
f 370/370/370 369/369/369 765/765/765
f 370/370/370 765/765/765 766/766/766
f 371/371/371 370/370/370 766/766/766
f 371/371/371 766/766/766 767/767/767
f 373/373/373 371/371/371 767/767/767
f 373/373/373 767/767/767 769/769/769
f 374/374/374 372/372/372 768/768/768
f 374/374/374 768/768/768 770/770/770
f 375/375/375 374/374/374 770/770/770
f 375/375/375 770/770/770 771/771/771
f 376/376/376 375/375/375 771/771/771
f 376/376/376 771/771/771 772/772/772
f 377/377/377 376/376/376 772/772/772
f 377/377/377 772/772/772 773/773/773
f 378/378/378 377/377/377 773/773/773
f 378/378/378 773/773/773 774/774/774
f 379/379/379 378/378/378 774/774/774
f 379/379/379 774/774/774 775/775/775
f 380/380/380 379/379/379 775/775/775
f 380/380/380 775/775/775 776/776/776
f 381/381/381 380/380/380 776/776/776
f 381/381/381 776/776/776 777/777/777
f 382/382/382 381/381/381 777/777/777
f 382/382/382 777/777/777 778/778/778
f 383/383/383 382/382/382 778/778/778
f 383/383/383 778/778/778 779/779/779
f 384/384/384 383/383/383 779/779/779
f 384/384/384 779/779/779 780/780/780
f 385/385/385 384/384/384 780/780/780
f 385/385/385 780/780/780 781/781/781
f 386/386/386 385/385/385 781/781/781
f 386/386/386 781/781/781 782/782/782
f 387/387/387 386/386/386 782/782/782
f 387/387/387 782/782/782 783/783/783
f 388/388/388 387/387/387 783/783/783
f 388/388/388 783/783/783 784/784/784
f 389/389/389 388/388/388 784/784/784
f 389/389/389 784/784/784 785/785/785
f 390/390/390 389/389/389 785/785/785
f 390/390/390 785/785/785 786/786/786
f 391/391/391 390/390/390 786/786/786
f 391/391/391 786/786/786 787/787/787
f 392/392/392 391/391/391 787/787/787
f 392/392/392 787/787/787 788/788/788
f 393/393/393 392/392/392 788/788/788
f 393/393/393 788/788/788 789/789/789
f 394/394/394 393/393/393 789/789/789
f 394/394/394 789/789/789 790/790/790
f 395/395/395 394/394/394 790/790/790
f 395/395/395 790/790/790 791/791/791
f 396/396/396 395/395/395 791/791/791
f 396/396/396 791/791/791 734/734/734
f 364/364/364 396/396/396 734/734/734
f 364/364/364 734/734/734 760/760/760
f 267/267/267 133/133/133 497/497/497
f 267/267/267 497/497/497 694/694/694
f 268/268/268 267/267/267 694/694/694
f 268/268/268 694/694/694 695/695/695
f 269/269/269 268/268/268 695/695/695
f 269/269/269 695/695/695 696/696/696
f 270/270/270 269/269/269 696/696/696
f 270/270/270 696/696/696 697/697/697
f 271/271/271 270/270/270 697/697/697
f 271/271/271 697/697/697 698/698/698
f 272/272/272 271/271/271 698/698/698
f 272/272/272 698/698/698 699/699/699
f 273/273/273 272/272/272 699/699/699
f 273/273/273 699/699/699 700/700/700
f 275/275/275 273/273/273 700/700/700
f 275/275/275 700/700/700 702/702/702
f 276/276/276 274/274/274 701/701/701
f 276/276/276 701/701/701 703/703/703
f 277/277/277 276/276/276 703/703/703
f 277/277/277 703/703/703 704/704/704
f 278/278/278 277/277/277 704/704/704
f 278/278/278 704/704/704 705/705/705
f 279/279/279 278/278/278 705/705/705
f 279/279/279 705/705/705 706/706/706
f 280/280/280 279/279/279 706/706/706
f 280/280/280 706/706/706 707/707/707
f 281/281/281 280/280/280 707/707/707
f 281/281/281 707/707/707 708/708/708
f 282/282/282 281/281/281 708/708/708
f 282/282/282 708/708/708 709/709/709
f 283/283/283 282/282/282 709/709/709
f 283/283/283 709/709/709 710/710/710
f 284/284/284 283/283/283 710/710/710
f 284/284/284 710/710/710 711/711/711
f 285/285/285 284/284/284 711/711/711
f 285/285/285 711/711/711 712/712/712
f 286/286/286 285/285/285 712/712/712
f 286/286/286 712/712/712 713/713/713
f 287/287/287 286/286/286 713/713/713
f 287/287/287 713/713/713 714/714/714
f 288/288/288 287/287/287 714/714/714
f 288/288/288 714/714/714 715/715/715
f 289/289/289 288/288/288 715/715/715
f 289/289/289 715/715/715 716/716/716
f 290/290/290 289/289/289 716/716/716
f 290/290/290 716/716/716 717/717/717
f 291/291/291 290/290/290 717/717/717
f 291/291/291 717/717/717 718/718/718
f 292/292/292 291/291/291 718/718/718
f 292/292/292 718/718/718 719/719/719
f 293/293/293 292/292/292 719/719/719
f 293/293/293 719/719/719 720/720/720
f 294/294/294 293/293/293 720/720/720
f 294/294/294 720/720/720 721/721/721
f 295/295/295 294/294/294 721/721/721
f 295/295/295 721/721/721 722/722/722
f 296/296/296 295/295/295 722/722/722
f 296/296/296 722/722/722 723/723/723
f 297/297/297 296/296/296 723/723/723
f 297/297/297 723/723/723 724/724/724
f 134/134/134 297/297/297 724/724/724
f 134/134/134 724/724/724 792/792/792
f 133/133/133 134/134/134 792/792/792
f 133/133/133 792/792/792 497/497/497
f 228/228/228 229/229/229 562/562/562
f 228/228/228 562/562/562 823/823/823
f 227/227/227 228/228/228 823/823/823
f 227/227/227 823/823/823 822/822/822
f 226/226/226 227/227/227 822/822/822
f 226/226/226 822/822/822 821/821/821
f 225/225/225 226/226/226 821/821/821
f 225/225/225 821/821/821 820/820/820
f 224/224/224 225/225/225 820/820/820
f 224/224/224 820/820/820 819/819/819
f 223/223/223 224/224/224 819/819/819
f 223/223/223 819/819/819 818/818/818
f 222/222/222 223/223/223 818/818/818
f 222/222/222 818/818/818 817/817/817
f 221/221/221 222/222/222 817/817/817
f 221/221/221 817/817/817 816/816/816
f 219/219/219 220/220/220 815/815/815
f 219/219/219 815/815/815 814/814/814
f 218/218/218 219/219/219 814/814/814
f 218/218/218 814/814/814 813/813/813
f 217/217/217 218/218/218 813/813/813
f 217/217/217 813/813/813 812/812/812
f 216/216/216 217/217/217 812/812/812
f 216/216/216 812/812/812 811/811/811
f 215/215/215 216/216/216 811/811/811
f 215/215/215 811/811/811 810/810/810
f 214/214/214 215/215/215 810/810/810
f 214/214/214 810/810/810 809/809/809
f 213/213/213 214/214/214 809/809/809
f 213/213/213 809/809/809 808/808/808
f 212/212/212 213/213/213 808/808/808
f 212/212/212 808/808/808 807/807/807
f 211/211/211 212/212/212 807/807/807
f 211/211/211 807/807/807 806/806/806
f 210/210/210 211/211/211 806/806/806
f 210/210/210 806/806/806 805/805/805
f 209/209/209 210/210/210 805/805/805
f 209/209/209 805/805/805 804/804/804
f 208/208/208 209/209/209 804/804/804
f 208/208/208 804/804/804 803/803/803
f 207/207/207 208/208/208 803/803/803
f 207/207/207 803/803/803 802/802/802
f 206/206/206 207/207/207 802/802/802
f 206/206/206 802/802/802 801/801/801
f 205/205/205 206/206/206 801/801/801
f 205/205/205 801/801/801 800/800/800
f 204/204/204 205/205/205 800/800/800
f 204/204/204 800/800/800 799/799/799
f 203/203/203 204/204/204 799/799/799
f 203/203/203 799/799/799 798/798/798
f 202/202/202 203/203/203 798/798/798
f 202/202/202 798/798/798 797/797/797
f 201/201/201 202/202/202 797/797/797
f 201/201/201 797/797/797 796/796/796
f 233/233/233 201/201/201 796/796/796
f 233/233/233 796/796/796 795/795/795
f 232/232/232 233/233/233 795/795/795
f 232/232/232 795/795/795 794/794/794
f 231/231/231 232/232/232 794/794/794
f 231/231/231 794/794/794 793/793/793
f 230/230/230 231/231/231 793/793/793
f 230/230/230 793/793/793 825/825/825
f 229/229/229 230/230/230 825/825/825
f 229/229/229 825/825/825 562/562/562
f 823/823/823 562/562/562 826/826/826
f 823/823/823 826/826/826 827/827/827
f 822/822/822 823/823/823 827/827/827
f 822/822/822 827/827/827 828/828/828
f 821/821/821 822/822/822 828/828/828
f 821/821/821 828/828/828 829/829/829
f 820/820/820 821/821/821 829/829/829
f 820/820/820 829/829/829 830/830/830
f 819/819/819 820/820/820 830/830/830
f 819/819/819 830/830/830 831/831/831
f 818/818/818 819/819/819 831/831/831
f 818/818/818 831/831/831 832/832/832
f 817/817/817 818/818/818 832/832/832
f 817/817/817 832/832/832 833/833/833
f 816/816/816 817/817/817 833/833/833
f 816/816/816 833/833/833 835/835/835
f 814/814/814 815/815/815 834/834/834
f 814/814/814 834/834/834 836/836/836
f 813/813/813 814/814/814 836/836/836
f 813/813/813 836/836/836 837/837/837
f 812/812/812 813/813/813 837/837/837
f 812/812/812 837/837/837 838/838/838
f 811/811/811 812/812/812 838/838/838
f 811/811/811 838/838/838 839/839/839
f 810/810/810 811/811/811 839/839/839
f 810/810/810 839/839/839 840/840/840
f 809/809/809 810/810/810 840/840/840
f 809/809/809 840/840/840 841/841/841
f 808/808/808 809/809/809 841/841/841
f 808/808/808 841/841/841 842/842/842
f 807/807/807 808/808/808 842/842/842
f 807/807/807 842/842/842 843/843/843
f 806/806/806 807/807/807 843/843/843
f 806/806/806 843/843/843 844/844/844
f 805/805/805 806/806/806 844/844/844
f 805/805/805 844/844/844 845/845/845
f 804/804/804 805/805/805 845/845/845
f 804/804/804 845/845/845 846/846/846
f 803/803/803 804/804/804 846/846/846
f 803/803/803 846/846/846 847/847/847
f 802/802/802 803/803/803 847/847/847
f 802/802/802 847/847/847 848/848/848
f 801/801/801 802/802/802 848/848/848
f 801/801/801 848/848/848 849/849/849
f 800/800/800 801/801/801 849/849/849
f 800/800/800 849/849/849 850/850/850
f 799/799/799 800/800/800 850/850/850
f 799/799/799 850/850/850 851/851/851
f 798/798/798 799/799/799 851/851/851
f 798/798/798 851/851/851 852/852/852
f 797/797/797 798/798/798 852/852/852
f 797/797/797 852/852/852 853/853/853
f 796/796/796 797/797/797 853/853/853
f 796/796/796 853/853/853 854/854/854
f 795/795/795 796/796/796 854/854/854
f 795/795/795 854/854/854 855/855/855
f 794/794/794 795/795/795 855/855/855
f 794/794/794 855/855/855 856/856/856
f 793/793/793 794/794/794 856/856/856
f 793/793/793 856/856/856 857/857/857
f 825/825/825 793/793/793 857/857/857
f 825/825/825 857/857/857 858/858/858
f 562/562/562 825/825/825 858/858/858
f 562/562/562 858/858/858 826/826/826
f 985/985/985 1257/1257/1257 1256/1256/1256
f 985/985/985 1256/1256/1256 984/984/984
f 986/986/986 1258/1258/1258 1257/1257/1257
f 986/986/986 1257/1257/1257 985/985/985
f 987/987/987 1259/1259/1259 1258/1258/1258
f 987/987/987 1258/1258/1258 986/986/986
f 859/859/859 1260/1260/1260 1259/1259/1259
f 859/859/859 1259/1259/1259 987/987/987
f 860/860/860 1261/1261/1261 1260/1260/1260
f 860/860/860 1260/1260/1260 859/859/859
f 861/861/861 1262/1262/1262 1261/1261/1261
f 861/861/861 1261/1261/1261 860/860/860
f 862/862/862 1263/1263/1263 1262/1262/1262
f 862/862/862 1262/1262/1262 861/861/861
f 863/863/863 1264/1264/1264 1263/1263/1263
f 863/863/863 1263/1263/1263 862/862/862
f 864/864/864 1265/1265/1265 1264/1264/1264
f 864/864/864 1264/1264/1264 863/863/863
f 865/865/865 1266/1266/1266 1265/1265/1265
f 865/865/865 1265/1265/1265 864/864/864
f 866/866/866 1267/1267/1267 1266/1266/1266
f 866/866/866 1266/1266/1266 865/865/865
f 867/867/867 1268/1268/1268 1267/1267/1267
f 867/867/867 1267/1267/1267 866/866/866
f 868/868/868 1269/1269/1269 1268/1268/1268
f 868/868/868 1268/1268/1268 867/867/867
f 869/869/869 1270/1270/1270 1269/1269/1269
f 869/869/869 1269/1269/1269 868/868/868
f 870/870/870 1271/1271/1271 1270/1270/1270
f 870/870/870 1270/1270/1270 869/869/869
f 871/871/871 1272/1272/1272 1271/1271/1271
f 871/871/871 1271/1271/1271 870/870/870
f 872/872/872 1273/1273/1273 1272/1272/1272
f 872/872/872 1272/1272/1272 871/871/871
f 873/873/873 1274/1274/1274 1273/1273/1273
f 873/873/873 1273/1273/1273 872/872/872
f 874/874/874 1275/1275/1275 1274/1274/1274
f 874/874/874 1274/1274/1274 873/873/873
f 875/875/875 1276/1276/1276 1275/1275/1275
f 875/875/875 1275/1275/1275 874/874/874
f 988/988/988 1277/1277/1277 1276/1276/1276
f 988/988/988 1276/1276/1276 875/875/875
f 989/989/989 1278/1278/1278 1277/1277/1277
f 989/989/989 1277/1277/1277 988/988/988
f 990/990/990 1279/1279/1279 1278/1278/1278
f 990/990/990 1278/1278/1278 989/989/989
f 975/975/975 1280/1280/1280 1279/1279/1279
f 975/975/975 1279/1279/1279 990/990/990
f 976/976/976 1281/1281/1281 1280/1280/1280
f 976/976/976 1280/1280/1280 975/975/975
f 977/977/977 1282/1282/1282 1281/1281/1281
f 977/977/977 1281/1281/1281 976/976/976
f 978/978/978 1283/1283/1283 1282/1282/1282
f 978/978/978 1282/1282/1282 977/977/977
f 979/979/979 1284/1284/1284 1283/1283/1283
f 979/979/979 1283/1283/1283 978/978/978
f 980/980/980 1285/1285/1285 1284/1284/1284
f 980/980/980 1284/1284/1284 979/979/979
f 981/981/981 1286/1286/1286 1285/1285/1285
f 981/981/981 1285/1285/1285 980/980/980
f 982/982/982 1287/1287/1287 1286/1286/1286
f 982/982/982 1286/1286/1286 981/981/981
f 983/983/983 1255/1255/1255 1287/1287/1287
f 983/983/983 1287/1287/1287 982/982/982
f 878/878/878 1290/1290/1290 1289/1289/1289
f 878/878/878 1289/1289/1289 877/877/877
f 879/879/879 1291/1291/1291 1290/1290/1290
f 879/879/879 1290/1290/1290 878/878/878
f 880/880/880 1292/1292/1292 1291/1291/1291
f 880/880/880 1291/1291/1291 879/879/879
f 881/881/881 1293/1293/1293 1292/1292/1292
f 881/881/881 1292/1292/1292 880/880/880
f 882/882/882 1294/1294/1294 1293/1293/1293
f 882/882/882 1293/1293/1293 881/881/881
f 883/883/883 1295/1295/1295 1294/1294/1294
f 883/883/883 1294/1294/1294 882/882/882
f 884/884/884 1296/1296/1296 1295/1295/1295
f 884/884/884 1295/1295/1295 883/883/883
f 885/885/885 1297/1297/1297 1296/1296/1296
f 885/885/885 1296/1296/1296 884/884/884
f 886/886/886 1298/1298/1298 1297/1297/1297
f 886/886/886 1297/1297/1297 885/885/885
f 887/887/887 1299/1299/1299 1298/1298/1298
f 887/887/887 1298/1298/1298 886/886/886
f 888/888/888 1300/1300/1300 1299/1299/1299
f 888/888/888 1299/1299/1299 887/887/887
f 889/889/889 1301/1301/1301 1300/1300/1300
f 889/889/889 1300/1300/1300 888/888/888
f 890/890/890 1302/1302/1302 1301/1301/1301
f 890/890/890 1301/1301/1301 889/889/889
f 891/891/891 1303/1303/1303 1302/1302/1302
f 891/891/891 1302/1302/1302 890/890/890
f 892/892/892 1304/1304/1304 1303/1303/1303
f 892/892/892 1303/1303/1303 891/891/891
f 893/893/893 1305/1305/1305 1304/1304/1304
f 893/893/893 1304/1304/1304 892/892/892
f 894/894/894 1306/1306/1306 1305/1305/1305
f 894/894/894 1305/1305/1305 893/893/893
f 895/895/895 1307/1307/1307 1306/1306/1306
f 895/895/895 1306/1306/1306 894/894/894
f 896/896/896 1308/1308/1308 1307/1307/1307
f 896/896/896 1307/1307/1307 895/895/895
f 897/897/897 1309/1309/1309 1308/1308/1308
f 897/897/897 1308/1308/1308 896/896/896
f 898/898/898 1310/1310/1310 1309/1309/1309
f 898/898/898 1309/1309/1309 897/897/897
f 899/899/899 1311/1311/1311 1310/1310/1310
f 899/899/899 1310/1310/1310 898/898/898
f 900/900/900 1312/1312/1312 1311/1311/1311
f 900/900/900 1311/1311/1311 899/899/899
f 901/901/901 1313/1313/1313 1312/1312/1312
f 901/901/901 1312/1312/1312 900/900/900
f 902/902/902 1314/1314/1314 1313/1313/1313
f 902/902/902 1313/1313/1313 901/901/901
f 903/903/903 1315/1315/1315 1314/1314/1314
f 903/903/903 1314/1314/1314 902/902/902
f 904/904/904 1316/1316/1316 1315/1315/1315
f 904/904/904 1315/1315/1315 903/903/903
f 905/905/905 1317/1317/1317 1316/1316/1316
f 905/905/905 1316/1316/1316 904/904/904
f 906/906/906 1318/1318/1318 1317/1317/1317
f 906/906/906 1317/1317/1317 905/905/905
f 907/907/907 1319/1319/1319 1318/1318/1318
f 907/907/907 1318/1318/1318 906/906/906
f 908/908/908 1320/1320/1320 1319/1319/1319
f 908/908/908 1319/1319/1319 907/907/907
f 876/876/876 1288/1288/1288 1320/1320/1320
f 876/876/876 1320/1320/1320 908/908/908
f 911/911/911 1323/1323/1323 1322/1322/1322
f 911/911/911 1322/1322/1322 910/910/910
f 912/912/912 1324/1324/1324 1323/1323/1323
f 912/912/912 1323/1323/1323 911/911/911
f 913/913/913 1325/1325/1325 1324/1324/1324
f 913/913/913 1324/1324/1324 912/912/912
f 914/914/914 1326/1326/1326 1325/1325/1325
f 914/914/914 1325/1325/1325 913/913/913
f 915/915/915 1327/1327/1327 1326/1326/1326
f 915/915/915 1326/1326/1326 914/914/914
f 916/916/916 1328/1328/1328 1327/1327/1327
f 916/916/916 1327/1327/1327 915/915/915
f 917/917/917 1329/1329/1329 1328/1328/1328
f 917/917/917 1328/1328/1328 916/916/916
f 918/918/918 1330/1330/1330 1329/1329/1329
f 918/918/918 1329/1329/1329 917/917/917
f 919/919/919 1331/1331/1331 1330/1330/1330
f 919/919/919 1330/1330/1330 918/918/918
f 920/920/920 1332/1332/1332 1331/1331/1331
f 920/920/920 1331/1331/1331 919/919/919
f 921/921/921 1333/1333/1333 1332/1332/1332
f 921/921/921 1332/1332/1332 920/920/920
f 922/922/922 1334/1334/1334 1333/1333/1333
f 922/922/922 1333/1333/1333 921/921/921
f 923/923/923 1335/1335/1335 1334/1334/1334
f 923/923/923 1334/1334/1334 922/922/922
f 924/924/924 1336/1336/1336 1335/1335/1335
f 924/924/924 1335/1335/1335 923/923/923
f 925/925/925 1337/1337/1337 1336/1336/1336
f 925/925/925 1336/1336/1336 924/924/924
f 926/926/926 1338/1338/1338 1337/1337/1337
f 926/926/926 1337/1337/1337 925/925/925
f 927/927/927 1339/1339/1339 1338/1338/1338
f 927/927/927 1338/1338/1338 926/926/926
f 928/928/928 1340/1340/1340 1339/1339/1339
f 928/928/928 1339/1339/1339 927/927/927
f 929/929/929 1341/1341/1341 1340/1340/1340
f 929/929/929 1340/1340/1340 928/928/928
f 930/930/930 1342/1342/1342 1341/1341/1341
f 930/930/930 1341/1341/1341 929/929/929
f 931/931/931 1343/1343/1343 1342/1342/1342
f 931/931/931 1342/1342/1342 930/930/930
f 932/932/932 1344/1344/1344 1343/1343/1343
f 932/932/932 1343/1343/1343 931/931/931
f 933/933/933 1345/1345/1345 1344/1344/1344
f 933/933/933 1344/1344/1344 932/932/932
f 934/934/934 1346/1346/1346 1345/1345/1345
f 934/934/934 1345/1345/1345 933/933/933
f 935/935/935 1347/1347/1347 1346/1346/1346
f 935/935/935 1346/1346/1346 934/934/934
f 936/936/936 1348/1348/1348 1347/1347/1347
f 936/936/936 1347/1347/1347 935/935/935
f 937/937/937 1349/1349/1349 1348/1348/1348
f 937/937/937 1348/1348/1348 936/936/936
f 938/938/938 1350/1350/1350 1349/1349/1349
f 938/938/938 1349/1349/1349 937/937/937
f 939/939/939 1351/1351/1351 1350/1350/1350
f 939/939/939 1350/1350/1350 938/938/938
f 940/940/940 1352/1352/1352 1351/1351/1351
f 940/940/940 1351/1351/1351 939/939/939
f 941/941/941 1353/1353/1353 1352/1352/1352
f 941/941/941 1352/1352/1352 940/940/940
f 909/909/909 1321/1321/1321 1353/1353/1353
f 909/909/909 1353/1353/1353 941/941/941
f 1682/1682/1682 1354/1354/1354 976/976/976
f 1682/1682/1682 976/976/976 975/975/975
f 1354/1354/1354 1356/1356/1356 977/977/977
f 1354/1354/1354 977/977/977 976/976/976
f 1356/1356/1356 1357/1357/1357 978/978/978
f 1356/1356/1356 978/978/978 977/977/977
f 1357/1357/1357 1358/1358/1358 979/979/979
f 1357/1357/1357 979/979/979 978/978/978
f 1358/1358/1358 1359/1359/1359 980/980/980
f 1358/1358/1358 980/980/980 979/979/979
f 1359/1359/1359 1360/1360/1360 981/981/981
f 1359/1359/1359 981/981/981 980/980/980
f 1360/1360/1360 1361/1361/1361 982/982/982
f 1360/1360/1360 982/982/982 981/981/981
f 1361/1361/1361 1362/1362/1362 983/983/983
f 1361/1361/1361 983/983/983 982/982/982
f 1363/1363/1363 1364/1364/1364 985/985/985
f 1363/1363/1363 985/985/985 984/984/984
f 1364/1364/1364 1365/1365/1365 986/986/986
f 1364/1364/1364 986/986/986 985/985/985
f 1365/1365/1365 1366/1366/1366 987/987/987
f 1365/1365/1365 987/987/987 986/986/986
f 1366/1366/1366 1367/1367/1367 859/859/859
f 1366/1366/1366 859/859/859 987/987/987
f 1367/1367/1367 1368/1368/1368 860/860/860
f 1367/1367/1367 860/860/860 859/859/859
f 1368/1368/1368 1369/1369/1369 861/861/861
f 1368/1368/1368 861/861/861 860/860/860
f 1369/1369/1369 1370/1370/1370 862/862/862
f 1369/1369/1369 862/862/862 861/861/861
f 1370/1370/1370 1371/1371/1371 863/863/863
f 1370/1370/1370 863/863/863 862/862/862
f 1371/1371/1371 1372/1372/1372 864/864/864
f 1371/1371/1371 864/864/864 863/863/863
f 1372/1372/1372 1373/1373/1373 865/865/865
f 1372/1372/1372 865/865/865 864/864/864
f 1373/1373/1373 1374/1374/1374 866/866/866
f 1373/1373/1373 866/866/866 865/865/865
f 1374/1374/1374 1375/1375/1375 867/867/867
f 1374/1374/1374 867/867/867 866/866/866
f 1375/1375/1375 1376/1376/1376 868/868/868
f 1375/1375/1375 868/868/868 867/867/867
f 1376/1376/1376 1377/1377/1377 869/869/869
f 1376/1376/1376 869/869/869 868/868/868
f 1377/1377/1377 1378/1378/1378 870/870/870
f 1377/1377/1377 870/870/870 869/869/869
f 1378/1378/1378 1379/1379/1379 871/871/871
f 1378/1378/1378 871/871/871 870/870/870
f 1379/1379/1379 1380/1380/1380 872/872/872
f 1379/1379/1379 872/872/872 871/871/871
f 1380/1380/1380 1381/1381/1381 873/873/873
f 1380/1380/1380 873/873/873 872/872/872
f 1381/1381/1381 1382/1382/1382 874/874/874
f 1381/1381/1381 874/874/874 873/873/873
f 1382/1382/1382 1383/1383/1383 875/875/875
f 1382/1382/1382 875/875/875 874/874/874
f 1383/1383/1383 1384/1384/1384 988/988/988
f 1383/1383/1383 988/988/988 875/875/875
f 1384/1384/1384 1385/1385/1385 989/989/989
f 1384/1384/1384 989/989/989 988/988/988
f 1385/1385/1385 1386/1386/1386 990/990/990
f 1385/1385/1385 990/990/990 989/989/989
f 1386/1386/1386 1682/1682/1682 975/975/975
f 1386/1386/1386 975/975/975 990/990/990
f 1389/1389/1389 1388/1388/1388 943/943/943
f 1389/1389/1389 943/943/943 944/944/944
f 1390/1390/1390 1389/1389/1389 944/944/944
f 1390/1390/1390 944/944/944 945/945/945
f 1391/1391/1391 1390/1390/1390 945/945/945
f 1391/1391/1391 945/945/945 946/946/946
f 1392/1392/1392 1391/1391/1391 946/946/946
f 1392/1392/1392 946/946/946 947/947/947
f 1393/1393/1393 1392/1392/1392 947/947/947
f 1393/1393/1393 947/947/947 948/948/948
f 1394/1394/1394 1393/1393/1393 948/948/948
f 1394/1394/1394 948/948/948 949/949/949
f 1395/1395/1395 1394/1394/1394 949/949/949
f 1395/1395/1395 949/949/949 950/950/950
f 1396/1396/1396 1395/1395/1395 950/950/950
f 1396/1396/1396 950/950/950 951/951/951
f 1397/1397/1397 1396/1396/1396 951/951/951
f 1397/1397/1397 951/951/951 952/952/952
f 1398/1398/1398 1397/1397/1397 952/952/952
f 1398/1398/1398 952/952/952 953/953/953
f 1399/1399/1399 1398/1398/1398 953/953/953
f 1399/1399/1399 953/953/953 954/954/954
f 1400/1400/1400 1399/1399/1399 954/954/954
f 1400/1400/1400 954/954/954 955/955/955
f 1401/1401/1401 1400/1400/1400 955/955/955
f 1401/1401/1401 955/955/955 956/956/956
f 1402/1402/1402 1401/1401/1401 956/956/956
f 1402/1402/1402 956/956/956 957/957/957
f 1403/1403/1403 1402/1402/1402 957/957/957
f 1403/1403/1403 957/957/957 958/958/958
f 1404/1404/1404 1403/1403/1403 958/958/958
f 1404/1404/1404 958/958/958 959/959/959
f 1405/1405/1405 1404/1404/1404 959/959/959
f 1405/1405/1405 959/959/959 960/960/960
f 1406/1406/1406 1405/1405/1405 960/960/960
f 1406/1406/1406 960/960/960 961/961/961
f 1407/1407/1407 1406/1406/1406 961/961/961
f 1407/1407/1407 961/961/961 962/962/962
f 1408/1408/1408 1407/1407/1407 962/962/962
f 1408/1408/1408 962/962/962 963/963/963
f 1409/1409/1409 1408/1408/1408 963/963/963
f 1409/1409/1409 963/963/963 964/964/964
f 1410/1410/1410 1409/1409/1409 964/964/964
f 1410/1410/1410 964/964/964 965/965/965
f 1411/1411/1411 1410/1410/1410 965/965/965
f 1411/1411/1411 965/965/965 966/966/966
f 1412/1412/1412 1411/1411/1411 966/966/966
f 1412/1412/1412 966/966/966 967/967/967
f 1413/1413/1413 1412/1412/1412 967/967/967
f 1413/1413/1413 967/967/967 968/968/968
f 1414/1414/1414 1413/1413/1413 968/968/968
f 1414/1414/1414 968/968/968 969/969/969
f 1415/1415/1415 1414/1414/1414 969/969/969
f 1415/1415/1415 969/969/969 970/970/970
f 1416/1416/1416 1415/1415/1415 970/970/970
f 1416/1416/1416 970/970/970 971/971/971
f 1417/1417/1417 1416/1416/1416 971/971/971
f 1417/1417/1417 971/971/971 972/972/972
f 1418/1418/1418 1417/1417/1417 972/972/972
f 1418/1418/1418 972/972/972 973/973/973
f 1419/1419/1419 1418/1418/1418 973/973/973
f 1419/1419/1419 973/973/973 974/974/974
f 1387/1387/1387 1419/1419/1419 974/974/974
f 1387/1387/1387 974/974/974 942/942/942
f 1087/1087/1087 1541/1541/1541 1448/1448/1448
f 1087/1087/1087 1448/1448/1448 1086/1086/1086
f 1086/1086/1086 1448/1448/1448 1447/1447/1447
f 1086/1086/1086 1447/1447/1447 1085/1085/1085
f 1085/1085/1085 1447/1447/1447 1446/1446/1446
f 1085/1085/1085 1446/1446/1446 1084/1084/1084
f 1084/1084/1084 1446/1446/1446 1445/1445/1445
f 1084/1084/1084 1445/1445/1445 1083/1083/1083
f 1083/1083/1083 1445/1445/1445 1444/1444/1444
f 1083/1083/1083 1444/1444/1444 1082/1082/1082
f 1082/1082/1082 1444/1444/1444 1443/1443/1443
f 1082/1082/1082 1443/1443/1443 1081/1081/1081
f 1081/1081/1081 1443/1443/1443 1442/1442/1442
f 1081/1081/1081 1442/1442/1442 1080/1080/1080
f 1080/1080/1080 1442/1442/1442 1440/1440/1440
f 1080/1080/1080 1440/1440/1440 1078/1078/1078
f 1079/1079/1079 1441/1441/1441 1439/1439/1439
f 1079/1079/1079 1439/1439/1439 1077/1077/1077
f 1077/1077/1077 1439/1439/1439 1438/1438/1438
f 1077/1077/1077 1438/1438/1438 1076/1076/1076
f 1076/1076/1076 1438/1438/1438 1437/1437/1437
f 1076/1076/1076 1437/1437/1437 1075/1075/1075
f 1075/1075/1075 1437/1437/1437 1436/1436/1436
f 1075/1075/1075 1436/1436/1436 1074/1074/1074
f 1074/1074/1074 1436/1436/1436 1435/1435/1435
f 1074/1074/1074 1435/1435/1435 1073/1073/1073
f 1073/1073/1073 1435/1435/1435 1434/1434/1434
f 1073/1073/1073 1434/1434/1434 1072/1072/1072
f 1072/1072/1072 1434/1434/1434 1433/1433/1433
f 1072/1072/1072 1433/1433/1433 1071/1071/1071
f 1071/1071/1071 1433/1433/1433 1432/1432/1432
f 1071/1071/1071 1432/1432/1432 1070/1070/1070
f 1070/1070/1070 1432/1432/1432 1431/1431/1431
f 1070/1070/1070 1431/1431/1431 1069/1069/1069
f 1069/1069/1069 1431/1431/1431 1430/1430/1430
f 1069/1069/1069 1430/1430/1430 1068/1068/1068
f 1068/1068/1068 1430/1430/1430 1429/1429/1429
f 1068/1068/1068 1429/1429/1429 1067/1067/1067
f 1067/1067/1067 1429/1429/1429 1428/1428/1428
f 1067/1067/1067 1428/1428/1428 1066/1066/1066
f 1066/1066/1066 1428/1428/1428 1427/1427/1427
f 1066/1066/1066 1427/1427/1427 1065/1065/1065
f 1065/1065/1065 1427/1427/1427 1426/1426/1426
f 1065/1065/1065 1426/1426/1426 1064/1064/1064
f 1064/1064/1064 1426/1426/1426 1425/1425/1425
f 1064/1064/1064 1425/1425/1425 1063/1063/1063
f 1063/1063/1063 1425/1425/1425 1424/1424/1424
f 1063/1063/1063 1424/1424/1424 1062/1062/1062
f 1062/1062/1062 1424/1424/1424 1423/1423/1423
f 1062/1062/1062 1423/1423/1423 1061/1061/1061
f 1061/1061/1061 1423/1423/1423 1422/1422/1422
f 1061/1061/1061 1422/1422/1422 1060/1060/1060
f 1060/1060/1060 1422/1422/1422 1421/1421/1421
f 1060/1060/1060 1421/1421/1421 1059/1059/1059
f 1059/1059/1059 1421/1421/1421 1452/1452/1452
f 1059/1059/1059 1452/1452/1452 1091/1091/1091
f 1091/1091/1091 1452/1452/1452 1451/1451/1451
f 1091/1091/1091 1451/1451/1451 1090/1090/1090
f 1090/1090/1090 1451/1451/1451 1450/1450/1450
f 1090/1090/1090 1450/1450/1450 1089/1089/1089
f 1089/1089/1089 1450/1450/1450 1449/1449/1449
f 1089/1089/1089 1449/1449/1449 1088/1088/1088
f 1088/1088/1088 1449/1449/1449 1541/1541/1541
f 1088/1088/1088 1541/1541/1541 1087/1087/1087
f 1453/1453/1453 1455/1455/1455 1125/1125/1125
f 1453/1453/1453 1125/1125/1125 991/991/991
f 1455/1455/1455 1457/1457/1457 1126/1126/1126
f 1455/1455/1455 1126/1126/1126 1125/1125/1125
f 1457/1457/1457 1459/1459/1459 1127/1127/1127
f 1457/1457/1457 1127/1127/1127 1126/1126/1126
f 1459/1459/1459 1461/1461/1461 1128/1128/1128
f 1459/1459/1459 1128/1128/1128 1127/1127/1127
f 1461/1461/1461 1463/1463/1463 1129/1129/1129
f 1461/1461/1461 1129/1129/1129 1128/1128/1128
f 1463/1463/1463 1465/1465/1465 1130/1130/1130
f 1463/1463/1463 1130/1130/1130 1129/1129/1129
f 1465/1465/1465 1467/1467/1467 1131/1131/1131
f 1465/1465/1465 1131/1131/1131 1130/1130/1130
f 1467/1467/1467 1471/1471/1471 1132/1132/1132
f 1467/1467/1467 1132/1132/1132 1131/1131/1131
f 1472/1472/1472 1474/1474/1474 1134/1134/1134
f 1472/1472/1472 1134/1134/1134 1133/1133/1133
f 1474/1474/1474 1476/1476/1476 1135/1135/1135
f 1474/1474/1474 1135/1135/1135 1134/1134/1134
f 1476/1476/1476 1478/1478/1478 1136/1136/1136
f 1476/1476/1476 1136/1136/1136 1135/1135/1135
f 1478/1478/1478 1480/1480/1480 1137/1137/1137
f 1478/1478/1478 1137/1137/1137 1136/1136/1136
f 1480/1480/1480 1482/1482/1482 1138/1138/1138
f 1480/1480/1480 1138/1138/1138 1137/1137/1137
f 1482/1482/1482 1484/1484/1484 1139/1139/1139
f 1482/1482/1482 1139/1139/1139 1138/1138/1138
f 1484/1484/1484 1486/1486/1486 1140/1140/1140
f 1484/1484/1484 1140/1140/1140 1139/1139/1139
f 1486/1486/1486 1488/1488/1488 1141/1141/1141
f 1486/1486/1486 1141/1141/1141 1140/1140/1140
f 1488/1488/1488 1490/1490/1490 1142/1142/1142
f 1488/1488/1488 1142/1142/1142 1141/1141/1141
f 1490/1490/1490 1492/1492/1492 1143/1143/1143
f 1490/1490/1490 1143/1143/1143 1142/1142/1142
f 1492/1492/1492 1494/1494/1494 1144/1144/1144
f 1492/1492/1492 1144/1144/1144 1143/1143/1143
f 1494/1494/1494 1496/1496/1496 1145/1145/1145
f 1494/1494/1494 1145/1145/1145 1144/1144/1144
f 1496/1496/1496 1498/1498/1498 1146/1146/1146
f 1496/1496/1496 1146/1146/1146 1145/1145/1145
f 1498/1498/1498 1500/1500/1500 1147/1147/1147
f 1498/1498/1498 1147/1147/1147 1146/1146/1146
f 1500/1500/1500 1502/1502/1502 1148/1148/1148
f 1500/1500/1500 1148/1148/1148 1147/1147/1147
f 1502/1502/1502 1504/1504/1504 1149/1149/1149
f 1502/1502/1502 1149/1149/1149 1148/1148/1148
f 1504/1504/1504 1505/1505/1505 1150/1150/1150
f 1504/1504/1504 1150/1150/1150 1149/1149/1149
f 1505/1505/1505 1507/1507/1507 1151/1151/1151
f 1505/1505/1505 1151/1151/1151 1150/1150/1150
f 1507/1507/1507 1509/1509/1509 1152/1152/1152
f 1507/1507/1507 1152/1152/1152 1151/1151/1151
f 1509/1509/1509 1511/1511/1511 1153/1153/1153
f 1509/1509/1509 1153/1153/1153 1152/1152/1152
f 1511/1511/1511 1513/1513/1513 1154/1154/1154
f 1511/1511/1511 1154/1154/1154 1153/1153/1153
f 1513/1513/1513 1515/1515/1515 1155/1155/1155
f 1513/1513/1513 1155/1155/1155 1154/1154/1154
f 1515/1515/1515 1517/1517/1517 992/992/992
f 1515/1515/1515 992/992/992 1155/1155/1155
f 1517/1517/1517 1453/1453/1453 991/991/991
f 1517/1517/1517 991/991/991 992/992/992
f 1114/1114/1114 1584/1584/1584 1540/1540/1540
f 1114/1114/1114 1540/1540/1540 1113/1113/1113
f 1113/1113/1113 1540/1540/1540 1539/1539/1539
f 1113/1113/1113 1539/1539/1539 1112/1112/1112
f 1112/1112/1112 1539/1539/1539 1538/1538/1538
f 1112/1112/1112 1538/1538/1538 1111/1111/1111
f 1111/1111/1111 1538/1538/1538 1537/1537/1537
f 1111/1111/1111 1537/1537/1537 1110/1110/1110
f 1110/1110/1110 1537/1537/1537 1536/1536/1536
f 1110/1110/1110 1536/1536/1536 1109/1109/1109
f 1109/1109/1109 1536/1536/1536 1535/1535/1535
f 1109/1109/1109 1535/1535/1535 1108/1108/1108
f 1108/1108/1108 1535/1535/1535 1534/1534/1534
f 1108/1108/1108 1534/1534/1534 1107/1107/1107
f 1107/1107/1107 1534/1534/1534 1532/1532/1532
f 1107/1107/1107 1532/1532/1532 1105/1105/1105
f 1106/1106/1106 1533/1533/1533 1531/1531/1531
f 1106/1106/1106 1531/1531/1531 1104/1104/1104
f 1104/1104/1104 1531/1531/1531 1530/1530/1530
f 1104/1104/1104 1530/1530/1530 1103/1103/1103
f 1103/1103/1103 1530/1530/1530 1529/1529/1529
f 1103/1103/1103 1529/1529/1529 1102/1102/1102
f 1102/1102/1102 1529/1529/1529 1528/1528/1528
f 1102/1102/1102 1528/1528/1528 1101/1101/1101
f 1101/1101/1101 1528/1528/1528 1527/1527/1527
f 1101/1101/1101 1527/1527/1527 1100/1100/1100
f 1100/1100/1100 1527/1527/1527 1526/1526/1526
f 1100/1100/1100 1526/1526/1526 1099/1099/1099
f 1099/1099/1099 1526/1526/1526 1525/1525/1525
f 1099/1099/1099 1525/1525/1525 1098/1098/1098
f 1098/1098/1098 1525/1525/1525 1524/1524/1524
f 1098/1098/1098 1524/1524/1524 1097/1097/1097
f 1097/1097/1097 1524/1524/1524 1523/1523/1523
f 1097/1097/1097 1523/1523/1523 1096/1096/1096
f 1096/1096/1096 1523/1523/1523 1522/1522/1522
f 1096/1096/1096 1522/1522/1522 1095/1095/1095
f 1095/1095/1095 1522/1522/1522 1521/1521/1521
f 1095/1095/1095 1521/1521/1521 1094/1094/1094
f 1094/1094/1094 1521/1521/1521 1520/1520/1520
f 1094/1094/1094 1520/1520/1520 1093/1093/1093
f 1093/1093/1093 1520/1520/1520 1519/1519/1519
f 1093/1093/1093 1519/1519/1519 1092/1092/1092
f 1092/1092/1092 1519/1519/1519 1551/1551/1551
f 1092/1092/1092 1551/1551/1551 1124/1124/1124
f 1124/1124/1124 1551/1551/1551 1550/1550/1550
f 1124/1124/1124 1550/1550/1550 1123/1123/1123
f 1123/1123/1123 1550/1550/1550 1549/1549/1549
f 1123/1123/1123 1549/1549/1549 1122/1122/1122
f 1122/1122/1122 1549/1549/1549 1548/1548/1548
f 1122/1122/1122 1548/1548/1548 1121/1121/1121
f 1121/1121/1121 1548/1548/1548 1547/1547/1547
f 1121/1121/1121 1547/1547/1547 1120/1120/1120
f 1120/1120/1120 1547/1547/1547 1546/1546/1546
f 1120/1120/1120 1546/1546/1546 1119/1119/1119
f 1119/1119/1119 1546/1546/1546 1545/1545/1545
f 1119/1119/1119 1545/1545/1545 1118/1118/1118
f 1118/1118/1118 1545/1545/1545 1544/1544/1544
f 1118/1118/1118 1544/1544/1544 1117/1117/1117
f 1117/1117/1117 1544/1544/1544 1543/1543/1543
f 1117/1117/1117 1543/1543/1543 1116/1116/1116
f 1116/1116/1116 1543/1543/1543 1542/1542/1542
f 1116/1116/1116 1542/1542/1542 1115/1115/1115
f 1115/1115/1115 1542/1542/1542 1584/1584/1584
f 1115/1115/1115 1584/1584/1584 1114/1114/1114
f 1184/1184/1184 1593/1593/1593 1594/1594/1594
f 1184/1184/1184 1594/1594/1594 1183/1183/1183
f 1183/1183/1183 1594/1594/1594 1595/1595/1595
f 1183/1183/1183 1595/1595/1595 1182/1182/1182
f 1182/1182/1182 1595/1595/1595 1596/1596/1596
f 1182/1182/1182 1596/1596/1596 1181/1181/1181
f 1181/1181/1181 1596/1596/1596 1597/1597/1597
f 1181/1181/1181 1597/1597/1597 1180/1180/1180
f 1180/1180/1180 1597/1597/1597 1598/1598/1598
f 1180/1180/1180 1598/1598/1598 1179/1179/1179
f 1179/1179/1179 1598/1598/1598 1599/1599/1599
f 1179/1179/1179 1599/1599/1599 1178/1178/1178
f 1178/1178/1178 1599/1599/1599 1600/1600/1600
f 1178/1178/1178 1600/1600/1600 1177/1177/1177
f 1177/1177/1177 1600/1600/1600 1601/1601/1601
f 1177/1177/1177 1601/1601/1601 1175/1175/1175
f 1176/1176/1176 1602/1602/1602 1603/1603/1603
f 1176/1176/1176 1603/1603/1603 1174/1174/1174
f 1174/1174/1174 1603/1603/1603 1604/1604/1604
f 1174/1174/1174 1604/1604/1604 1173/1173/1173
f 1173/1173/1173 1604/1604/1604 1605/1605/1605
f 1173/1173/1173 1605/1605/1605 1172/1172/1172
f 1172/1172/1172 1605/1605/1605 1606/1606/1606
f 1172/1172/1172 1606/1606/1606 1171/1171/1171
f 1171/1171/1171 1606/1606/1606 1607/1607/1607
f 1171/1171/1171 1607/1607/1607 1170/1170/1170
f 1170/1170/1170 1607/1607/1607 1608/1608/1608
f 1170/1170/1170 1608/1608/1608 1169/1169/1169
f 1169/1169/1169 1608/1608/1608 1609/1609/1609
f 1169/1169/1169 1609/1609/1609 1168/1168/1168
f 1168/1168/1168 1609/1609/1609 1610/1610/1610
f 1168/1168/1168 1610/1610/1610 1167/1167/1167
f 1167/1167/1167 1610/1610/1610 1611/1611/1611
f 1167/1167/1167 1611/1611/1611 1166/1166/1166
f 1166/1166/1166 1611/1611/1611 1612/1612/1612
f 1166/1166/1166 1612/1612/1612 1165/1165/1165
f 1165/1165/1165 1612/1612/1612 1613/1613/1613
f 1165/1165/1165 1613/1613/1613 1164/1164/1164
f 1164/1164/1164 1613/1613/1613 1614/1614/1614
f 1164/1164/1164 1614/1614/1614 1163/1163/1163
f 1163/1163/1163 1614/1614/1614 1615/1615/1615
f 1163/1163/1163 1615/1615/1615 1162/1162/1162
f 1162/1162/1162 1615/1615/1615 1616/1616/1616
f 1162/1162/1162 1616/1616/1616 1161/1161/1161
f 1161/1161/1161 1616/1616/1616 1617/1617/1617
f 1161/1161/1161 1617/1617/1617 1160/1160/1160
f 1160/1160/1160 1617/1617/1617 1585/1585/1585
f 1160/1160/1160 1585/1585/1585 1159/1159/1159
f 1159/1159/1159 1585/1585/1585 1586/1586/1586
f 1159/1159/1159 1586/1586/1586 1158/1158/1158
f 1158/1158/1158 1586/1586/1586 1587/1587/1587
f 1158/1158/1158 1587/1587/1587 1157/1157/1157
f 1157/1157/1157 1587/1587/1587 1588/1588/1588
f 1157/1157/1157 1588/1588/1588 1156/1156/1156
f 1156/1156/1156 1588/1588/1588 1589/1589/1589
f 1156/1156/1156 1589/1589/1589 1188/1188/1188
f 1188/1188/1188 1589/1589/1589 1590/1590/1590
f 1188/1188/1188 1590/1590/1590 1187/1187/1187
f 1187/1187/1187 1590/1590/1590 1591/1591/1591
f 1187/1187/1187 1591/1591/1591 1186/1186/1186
f 1186/1186/1186 1591/1591/1591 1583/1583/1583
f 1186/1186/1186 1583/1583/1583 1185/1185/1185
f 1185/1185/1185 1583/1583/1583 1593/1593/1593
f 1185/1185/1185 1593/1593/1593 1184/1184/1184
f 1197/1197/1197 1618/1618/1618 1619/1619/1619
f 1197/1197/1197 1619/1619/1619 1198/1198/1198
f 1198/1198/1198 1619/1619/1619 1620/1620/1620
f 1198/1198/1198 1620/1620/1620 1199/1199/1199
f 1199/1199/1199 1620/1620/1620 1621/1621/1621
f 1199/1199/1199 1621/1621/1621 1200/1200/1200
f 1200/1200/1200 1621/1621/1621 1622/1622/1622
f 1200/1200/1200 1622/1622/1622 1201/1201/1201
f 1201/1201/1201 1622/1622/1622 1623/1623/1623
f 1201/1201/1201 1623/1623/1623 1202/1202/1202
f 1202/1202/1202 1623/1623/1623 1624/1624/1624
f 1202/1202/1202 1624/1624/1624 1203/1203/1203
f 1203/1203/1203 1624/1624/1624 1625/1625/1625
f 1203/1203/1203 1625/1625/1625 1204/1204/1204
f 1204/1204/1204 1625/1625/1625 1626/1626/1626
f 1204/1204/1204 1626/1626/1626 1205/1205/1205
f 1206/1206/1206 1627/1627/1627 1628/1628/1628
f 1206/1206/1206 1628/1628/1628 1207/1207/1207
f 1207/1207/1207 1628/1628/1628 1629/1629/1629
f 1207/1207/1207 1629/1629/1629 1208/1208/1208
f 1208/1208/1208 1629/1629/1629 1630/1630/1630
f 1208/1208/1208 1630/1630/1630 1209/1209/1209
f 1209/1209/1209 1630/1630/1630 1631/1631/1631
f 1209/1209/1209 1631/1631/1631 1210/1210/1210
f 1210/1210/1210 1631/1631/1631 1632/1632/1632
f 1210/1210/1210 1632/1632/1632 1211/1211/1211
f 1211/1211/1211 1632/1632/1632 1633/1633/1633
f 1211/1211/1211 1633/1633/1633 1212/1212/1212
f 1212/1212/1212 1633/1633/1633 1634/1634/1634
f 1212/1212/1212 1634/1634/1634 1213/1213/1213
f 1213/1213/1213 1634/1634/1634 1635/1635/1635
f 1213/1213/1213 1635/1635/1635 1214/1214/1214
f 1214/1214/1214 1635/1635/1635 1636/1636/1636
f 1214/1214/1214 1636/1636/1636 1215/1215/1215
f 1215/1215/1215 1636/1636/1636 1637/1637/1637
f 1215/1215/1215 1637/1637/1637 1216/1216/1216
f 1216/1216/1216 1637/1637/1637 1638/1638/1638
f 1216/1216/1216 1638/1638/1638 1217/1217/1217
f 1217/1217/1217 1638/1638/1638 1639/1639/1639
f 1217/1217/1217 1639/1639/1639 1218/1218/1218
f 1218/1218/1218 1639/1639/1639 1640/1640/1640
f 1218/1218/1218 1640/1640/1640 1219/1219/1219
f 1219/1219/1219 1640/1640/1640 1641/1641/1641
f 1219/1219/1219 1641/1641/1641 1220/1220/1220
f 1220/1220/1220 1641/1641/1641 1642/1642/1642
f 1220/1220/1220 1642/1642/1642 1221/1221/1221
f 1221/1221/1221 1642/1642/1642 1643/1643/1643
f 1221/1221/1221 1643/1643/1643 1189/1189/1189
f 1189/1189/1189 1643/1643/1643 1644/1644/1644
f 1189/1189/1189 1644/1644/1644 1190/1190/1190
f 1190/1190/1190 1644/1644/1644 1645/1645/1645
f 1190/1190/1190 1645/1645/1645 1191/1191/1191
f 1191/1191/1191 1645/1645/1645 1646/1646/1646
f 1191/1191/1191 1646/1646/1646 1192/1192/1192
f 1192/1192/1192 1646/1646/1646 1647/1647/1647
f 1192/1192/1192 1647/1647/1647 1193/1193/1193
f 1193/1193/1193 1647/1647/1647 1648/1648/1648
f 1193/1193/1193 1648/1648/1648 1194/1194/1194
f 1194/1194/1194 1648/1648/1648 1649/1649/1649
f 1194/1194/1194 1649/1649/1649 1195/1195/1195
f 1195/1195/1195 1649/1649/1649 1592/1592/1592
f 1195/1195/1195 1592/1592/1592 1196/1196/1196
f 1196/1196/1196 1592/1592/1592 1618/1618/1618
f 1196/1196/1196 1618/1618/1618 1197/1197/1197
f 1222/1222/1222 1355/1355/1355 1552/1552/1552
f 1222/1222/1222 1552/1552/1552 1223/1223/1223
f 1223/1223/1223 1552/1552/1552 1553/1553/1553
f 1223/1223/1223 1553/1553/1553 1224/1224/1224
f 1224/1224/1224 1553/1553/1553 1554/1554/1554
f 1224/1224/1224 1554/1554/1554 1225/1225/1225
f 1225/1225/1225 1554/1554/1554 1555/1555/1555
f 1225/1225/1225 1555/1555/1555 1226/1226/1226
f 1226/1226/1226 1555/1555/1555 1556/1556/1556
f 1226/1226/1226 1556/1556/1556 1227/1227/1227
f 1227/1227/1227 1556/1556/1556 1557/1557/1557
f 1227/1227/1227 1557/1557/1557 1228/1228/1228
f 1228/1228/1228 1557/1557/1557 1558/1558/1558
f 1228/1228/1228 1558/1558/1558 1229/1229/1229
f 1229/1229/1229 1558/1558/1558 1559/1559/1559
f 1229/1229/1229 1559/1559/1559 1230/1230/1230
f 1231/1231/1231 1560/1560/1560 1561/1561/1561
f 1231/1231/1231 1561/1561/1561 1232/1232/1232
f 1232/1232/1232 1561/1561/1561 1562/1562/1562
f 1232/1232/1232 1562/1562/1562 1233/1233/1233
f 1233/1233/1233 1562/1562/1562 1563/1563/1563
f 1233/1233/1233 1563/1563/1563 1234/1234/1234
f 1234/1234/1234 1563/1563/1563 1564/1564/1564
f 1234/1234/1234 1564/1564/1564 1235/1235/1235
f 1235/1235/1235 1564/1564/1564 1565/1565/1565
f 1235/1235/1235 1565/1565/1565 1236/1236/1236
f 1236/1236/1236 1565/1565/1565 1566/1566/1566
f 1236/1236/1236 1566/1566/1566 1237/1237/1237
f 1237/1237/1237 1566/1566/1566 1567/1567/1567
f 1237/1237/1237 1567/1567/1567 1238/1238/1238
f 1238/1238/1238 1567/1567/1567 1568/1568/1568
f 1238/1238/1238 1568/1568/1568 1239/1239/1239
f 1239/1239/1239 1568/1568/1568 1569/1569/1569
f 1239/1239/1239 1569/1569/1569 1240/1240/1240
f 1240/1240/1240 1569/1569/1569 1570/1570/1570
f 1240/1240/1240 1570/1570/1570 1241/1241/1241
f 1241/1241/1241 1570/1570/1570 1571/1571/1571
f 1241/1241/1241 1571/1571/1571 1242/1242/1242
f 1242/1242/1242 1571/1571/1571 1572/1572/1572
f 1242/1242/1242 1572/1572/1572 1243/1243/1243
f 1243/1243/1243 1572/1572/1572 1573/1573/1573
f 1243/1243/1243 1573/1573/1573 1244/1244/1244
f 1244/1244/1244 1573/1573/1573 1574/1574/1574
f 1244/1244/1244 1574/1574/1574 1245/1245/1245
f 1245/1245/1245 1574/1574/1574 1575/1575/1575
f 1245/1245/1245 1575/1575/1575 1246/1246/1246
f 1246/1246/1246 1575/1575/1575 1576/1576/1576
f 1246/1246/1246 1576/1576/1576 1247/1247/1247
f 1247/1247/1247 1576/1576/1576 1577/1577/1577
f 1247/1247/1247 1577/1577/1577 1248/1248/1248
f 1248/1248/1248 1577/1577/1577 1578/1578/1578
f 1248/1248/1248 1578/1578/1578 1249/1249/1249
f 1249/1249/1249 1578/1578/1578 1579/1579/1579
f 1249/1249/1249 1579/1579/1579 1250/1250/1250
f 1250/1250/1250 1579/1579/1579 1580/1580/1580
f 1250/1250/1250 1580/1580/1580 1251/1251/1251
f 1251/1251/1251 1580/1580/1580 1581/1581/1581
f 1251/1251/1251 1581/1581/1581 1252/1252/1252
f 1252/1252/1252 1581/1581/1581 1582/1582/1582
f 1252/1252/1252 1582/1582/1582 1253/1253/1253
f 1253/1253/1253 1582/1582/1582 1650/1650/1650
f 1253/1253/1253 1650/1650/1650 1254/1254/1254
f 1254/1254/1254 1650/1650/1650 1355/1355/1355
f 1254/1254/1254 1355/1355/1355 1222/1222/1222
f 1257/1257/1257 878/878/878 877/877/877
f 1257/1257/1257 877/877/877 1256/1256/1256
f 1258/1258/1258 879/879/879 878/878/878
f 1258/1258/1258 878/878/878 1257/1257/1257
f 1259/1259/1259 880/880/880 879/879/879
f 1259/1259/1259 879/879/879 1258/1258/1258
f 1260/1260/1260 881/881/881 880/880/880
f 1260/1260/1260 880/880/880 1259/1259/1259
f 1261/1261/1261 882/882/882 881/881/881
f 1261/1261/1261 881/881/881 1260/1260/1260
f 1262/1262/1262 883/883/883 882/882/882
f 1262/1262/1262 882/882/882 1261/1261/1261
f 1263/1263/1263 884/884/884 883/883/883
f 1263/1263/1263 883/883/883 1262/1262/1262
f 1264/1264/1264 885/885/885 884/884/884
f 1264/1264/1264 884/884/884 1263/1263/1263
f 1265/1265/1265 886/886/886 885/885/885
f 1265/1265/1265 885/885/885 1264/1264/1264
f 1266/1266/1266 887/887/887 886/886/886
f 1266/1266/1266 886/886/886 1265/1265/1265
f 1267/1267/1267 888/888/888 887/887/887
f 1267/1267/1267 887/887/887 1266/1266/1266
f 1268/1268/1268 889/889/889 888/888/888
f 1268/1268/1268 888/888/888 1267/1267/1267
f 1269/1269/1269 890/890/890 889/889/889
f 1269/1269/1269 889/889/889 1268/1268/1268
f 1270/1270/1270 891/891/891 890/890/890
f 1270/1270/1270 890/890/890 1269/1269/1269
f 1271/1271/1271 892/892/892 891/891/891
f 1271/1271/1271 891/891/891 1270/1270/1270
f 1272/1272/1272 893/893/893 892/892/892
f 1272/1272/1272 892/892/892 1271/1271/1271
f 1273/1273/1273 894/894/894 893/893/893
f 1273/1273/1273 893/893/893 1272/1272/1272
f 1274/1274/1274 895/895/895 894/894/894
f 1274/1274/1274 894/894/894 1273/1273/1273
f 1275/1275/1275 896/896/896 895/895/895
f 1275/1275/1275 895/895/895 1274/1274/1274
f 1276/1276/1276 897/897/897 896/896/896
f 1276/1276/1276 896/896/896 1275/1275/1275
f 1277/1277/1277 898/898/898 897/897/897
f 1277/1277/1277 897/897/897 1276/1276/1276
f 1278/1278/1278 899/899/899 898/898/898
f 1278/1278/1278 898/898/898 1277/1277/1277
f 1279/1279/1279 900/900/900 899/899/899
f 1279/1279/1279 899/899/899 1278/1278/1278
f 1280/1280/1280 901/901/901 900/900/900
f 1280/1280/1280 900/900/900 1279/1279/1279
f 1281/1281/1281 902/902/902 901/901/901
f 1281/1281/1281 901/901/901 1280/1280/1280
f 1282/1282/1282 903/903/903 902/902/902
f 1282/1282/1282 902/902/902 1281/1281/1281
f 1283/1283/1283 904/904/904 903/903/903
f 1283/1283/1283 903/903/903 1282/1282/1282
f 1284/1284/1284 905/905/905 904/904/904
f 1284/1284/1284 904/904/904 1283/1283/1283
f 1285/1285/1285 906/906/906 905/905/905
f 1285/1285/1285 905/905/905 1284/1284/1284
f 1286/1286/1286 907/907/907 906/906/906
f 1286/1286/1286 906/906/906 1285/1285/1285
f 1287/1287/1287 908/908/908 907/907/907
f 1287/1287/1287 907/907/907 1286/1286/1286
f 1255/1255/1255 876/876/876 908/908/908
f 1255/1255/1255 908/908/908 1287/1287/1287
f 1290/1290/1290 911/911/911 910/910/910
f 1290/1290/1290 910/910/910 1289/1289/1289
f 1291/1291/1291 912/912/912 911/911/911
f 1291/1291/1291 911/911/911 1290/1290/1290
f 1292/1292/1292 913/913/913 912/912/912
f 1292/1292/1292 912/912/912 1291/1291/1291
f 1293/1293/1293 914/914/914 913/913/913
f 1293/1293/1293 913/913/913 1292/1292/1292
f 1294/1294/1294 915/915/915 914/914/914
f 1294/1294/1294 914/914/914 1293/1293/1293
f 1295/1295/1295 916/916/916 915/915/915
f 1295/1295/1295 915/915/915 1294/1294/1294
f 1296/1296/1296 917/917/917 916/916/916
f 1296/1296/1296 916/916/916 1295/1295/1295
f 1297/1297/1297 918/918/918 917/917/917
f 1297/1297/1297 917/917/917 1296/1296/1296
f 1298/1298/1298 919/919/919 918/918/918
f 1298/1298/1298 918/918/918 1297/1297/1297
f 1299/1299/1299 920/920/920 919/919/919
f 1299/1299/1299 919/919/919 1298/1298/1298
f 1300/1300/1300 921/921/921 920/920/920
f 1300/1300/1300 920/920/920 1299/1299/1299
f 1301/1301/1301 922/922/922 921/921/921
f 1301/1301/1301 921/921/921 1300/1300/1300
f 1302/1302/1302 923/923/923 922/922/922
f 1302/1302/1302 922/922/922 1301/1301/1301
f 1303/1303/1303 924/924/924 923/923/923
f 1303/1303/1303 923/923/923 1302/1302/1302
f 1304/1304/1304 925/925/925 924/924/924
f 1304/1304/1304 924/924/924 1303/1303/1303
f 1305/1305/1305 926/926/926 925/925/925
f 1305/1305/1305 925/925/925 1304/1304/1304
f 1306/1306/1306 927/927/927 926/926/926
f 1306/1306/1306 926/926/926 1305/1305/1305
f 1307/1307/1307 928/928/928 927/927/927
f 1307/1307/1307 927/927/927 1306/1306/1306
f 1308/1308/1308 929/929/929 928/928/928
f 1308/1308/1308 928/928/928 1307/1307/1307
f 1309/1309/1309 930/930/930 929/929/929
f 1309/1309/1309 929/929/929 1308/1308/1308
f 1310/1310/1310 931/931/931 930/930/930
f 1310/1310/1310 930/930/930 1309/1309/1309
f 1311/1311/1311 932/932/932 931/931/931
f 1311/1311/1311 931/931/931 1310/1310/1310
f 1312/1312/1312 933/933/933 932/932/932
f 1312/1312/1312 932/932/932 1311/1311/1311
f 1313/1313/1313 934/934/934 933/933/933
f 1313/1313/1313 933/933/933 1312/1312/1312
f 1314/1314/1314 935/935/935 934/934/934
f 1314/1314/1314 934/934/934 1313/1313/1313
f 1315/1315/1315 936/936/936 935/935/935
f 1315/1315/1315 935/935/935 1314/1314/1314
f 1316/1316/1316 937/937/937 936/936/936
f 1316/1316/1316 936/936/936 1315/1315/1315
f 1317/1317/1317 938/938/938 937/937/937
f 1317/1317/1317 937/937/937 1316/1316/1316
f 1318/1318/1318 939/939/939 938/938/938
f 1318/1318/1318 938/938/938 1317/1317/1317
f 1319/1319/1319 940/940/940 939/939/939
f 1319/1319/1319 939/939/939 1318/1318/1318
f 1320/1320/1320 941/941/941 940/940/940
f 1320/1320/1320 940/940/940 1319/1319/1319
f 1288/1288/1288 909/909/909 941/941/941
f 1288/1288/1288 941/941/941 1320/1320/1320
f 1323/1323/1323 944/944/944 943/943/943
f 1323/1323/1323 943/943/943 1322/1322/1322
f 1324/1324/1324 945/945/945 944/944/944
f 1324/1324/1324 944/944/944 1323/1323/1323
f 1325/1325/1325 946/946/946 945/945/945
f 1325/1325/1325 945/945/945 1324/1324/1324
f 1326/1326/1326 947/947/947 946/946/946
f 1326/1326/1326 946/946/946 1325/1325/1325
f 1327/1327/1327 948/948/948 947/947/947
f 1327/1327/1327 947/947/947 1326/1326/1326
f 1328/1328/1328 949/949/949 948/948/948
f 1328/1328/1328 948/948/948 1327/1327/1327
f 1329/1329/1329 950/950/950 949/949/949
f 1329/1329/1329 949/949/949 1328/1328/1328
f 1330/1330/1330 951/951/951 950/950/950
f 1330/1330/1330 950/950/950 1329/1329/1329
f 1331/1331/1331 952/952/952 951/951/951
f 1331/1331/1331 951/951/951 1330/1330/1330
f 1332/1332/1332 953/953/953 952/952/952
f 1332/1332/1332 952/952/952 1331/1331/1331
f 1333/1333/1333 954/954/954 953/953/953
f 1333/1333/1333 953/953/953 1332/1332/1332
f 1334/1334/1334 955/955/955 954/954/954
f 1334/1334/1334 954/954/954 1333/1333/1333
f 1335/1335/1335 956/956/956 955/955/955
f 1335/1335/1335 955/955/955 1334/1334/1334
f 1336/1336/1336 957/957/957 956/956/956
f 1336/1336/1336 956/956/956 1335/1335/1335
f 1337/1337/1337 958/958/958 957/957/957
f 1337/1337/1337 957/957/957 1336/1336/1336
f 1338/1338/1338 959/959/959 958/958/958
f 1338/1338/1338 958/958/958 1337/1337/1337
f 1339/1339/1339 960/960/960 959/959/959
f 1339/1339/1339 959/959/959 1338/1338/1338
f 1340/1340/1340 961/961/961 960/960/960
f 1340/1340/1340 960/960/960 1339/1339/1339
f 1341/1341/1341 962/962/962 961/961/961
f 1341/1341/1341 961/961/961 1340/1340/1340
f 1342/1342/1342 963/963/963 962/962/962
f 1342/1342/1342 962/962/962 1341/1341/1341
f 1343/1343/1343 964/964/964 963/963/963
f 1343/1343/1343 963/963/963 1342/1342/1342
f 1344/1344/1344 965/965/965 964/964/964
f 1344/1344/1344 964/964/964 1343/1343/1343
f 1345/1345/1345 966/966/966 965/965/965
f 1345/1345/1345 965/965/965 1344/1344/1344
f 1346/1346/1346 967/967/967 966/966/966
f 1346/1346/1346 966/966/966 1345/1345/1345
f 1347/1347/1347 968/968/968 967/967/967
f 1347/1347/1347 967/967/967 1346/1346/1346
f 1348/1348/1348 969/969/969 968/968/968
f 1348/1348/1348 968/968/968 1347/1347/1347
f 1349/1349/1349 970/970/970 969/969/969
f 1349/1349/1349 969/969/969 1348/1348/1348
f 1350/1350/1350 971/971/971 970/970/970
f 1350/1350/1350 970/970/970 1349/1349/1349
f 1351/1351/1351 972/972/972 971/971/971
f 1351/1351/1351 971/971/971 1350/1350/1350
f 1352/1352/1352 973/973/973 972/972/972
f 1352/1352/1352 972/972/972 1351/1351/1351
f 1353/1353/1353 974/974/974 973/973/973
f 1353/1353/1353 973/973/973 1352/1352/1352
f 1321/1321/1321 942/942/942 974/974/974
f 1321/1321/1321 974/974/974 1353/1353/1353
f 1682/1682/1682 1684/1684/1684 1685/1685/1685
f 1682/1682/1682 1685/1685/1685 1354/1354/1354
f 1354/1354/1354 1685/1685/1685 1686/1686/1686
f 1354/1354/1354 1686/1686/1686 1356/1356/1356
f 1356/1356/1356 1686/1686/1686 1687/1687/1687
f 1356/1356/1356 1687/1687/1687 1357/1357/1357
f 1357/1357/1357 1687/1687/1687 1688/1688/1688
f 1357/1357/1357 1688/1688/1688 1358/1358/1358
f 1358/1358/1358 1688/1688/1688 1689/1689/1689
f 1358/1358/1358 1689/1689/1689 1359/1359/1359
f 1359/1359/1359 1689/1689/1689 1690/1690/1690
f 1359/1359/1359 1690/1690/1690 1360/1360/1360
f 1360/1360/1360 1690/1690/1690 1691/1691/1691
f 1360/1360/1360 1691/1691/1691 1361/1361/1361
f 1361/1361/1361 1691/1691/1691 1692/1692/1692
f 1361/1361/1361 1692/1692/1692 1362/1362/1362
f 1363/1363/1363 1693/1693/1693 1694/1694/1694
f 1363/1363/1363 1694/1694/1694 1364/1364/1364
f 1364/1364/1364 1694/1694/1694 1695/1695/1695
f 1364/1364/1364 1695/1695/1695 1365/1365/1365
f 1365/1365/1365 1695/1695/1695 1696/1696/1696
f 1365/1365/1365 1696/1696/1696 1366/1366/1366
f 1366/1366/1366 1696/1696/1696 1697/1697/1697
f 1366/1366/1366 1697/1697/1697 1367/1367/1367
f 1367/1367/1367 1697/1697/1697 1698/1698/1698
f 1367/1367/1367 1698/1698/1698 1368/1368/1368
f 1368/1368/1368 1698/1698/1698 1699/1699/1699
f 1368/1368/1368 1699/1699/1699 1369/1369/1369
f 1369/1369/1369 1699/1699/1699 1700/1700/1700
f 1369/1369/1369 1700/1700/1700 1370/1370/1370
f 1370/1370/1370 1700/1700/1700 1701/1701/1701
f 1370/1370/1370 1701/1701/1701 1371/1371/1371
f 1371/1371/1371 1701/1701/1701 1702/1702/1702
f 1371/1371/1371 1702/1702/1702 1372/1372/1372
f 1372/1372/1372 1702/1702/1702 1703/1703/1703
f 1372/1372/1372 1703/1703/1703 1373/1373/1373
f 1373/1373/1373 1703/1703/1703 1704/1704/1704
f 1373/1373/1373 1704/1704/1704 1374/1374/1374
f 1374/1374/1374 1704/1704/1704 1705/1705/1705
f 1374/1374/1374 1705/1705/1705 1375/1375/1375
f 1375/1375/1375 1705/1705/1705 1706/1706/1706
f 1375/1375/1375 1706/1706/1706 1376/1376/1376
f 1376/1376/1376 1706/1706/1706 1707/1707/1707
f 1376/1376/1376 1707/1707/1707 1377/1377/1377
f 1377/1377/1377 1707/1707/1707 1708/1708/1708
f 1377/1377/1377 1708/1708/1708 1378/1378/1378
f 1378/1378/1378 1708/1708/1708 1709/1709/1709
f 1378/1378/1378 1709/1709/1709 1379/1379/1379
f 1379/1379/1379 1709/1709/1709 1710/1710/1710
f 1379/1379/1379 1710/1710/1710 1380/1380/1380
f 1380/1380/1380 1710/1710/1710 1711/1711/1711
f 1380/1380/1380 1711/1711/1711 1381/1381/1381
f 1381/1381/1381 1711/1711/1711 1712/1712/1712
f 1381/1381/1381 1712/1712/1712 1382/1382/1382
f 1382/1382/1382 1712/1712/1712 1713/1713/1713
f 1382/1382/1382 1713/1713/1713 1383/1383/1383
f 1383/1383/1383 1713/1713/1713 1714/1714/1714
f 1383/1383/1383 1714/1714/1714 1384/1384/1384
f 1384/1384/1384 1714/1714/1714 1715/1715/1715
f 1384/1384/1384 1715/1715/1715 1385/1385/1385
f 1385/1385/1385 1715/1715/1715 1716/1716/1716
f 1385/1385/1385 1716/1716/1716 1386/1386/1386
f 1386/1386/1386 1716/1716/1716 1684/1684/1684
f 1386/1386/1386 1684/1684/1684 1682/1682/1682
f 1389/1389/1389 998/998/998 996/996/996
f 1389/1389/1389 996/996/996 1388/1388/1388
f 1390/1390/1390 1000/1000/1000 998/998/998
f 1390/1390/1390 998/998/998 1389/1389/1389
f 1391/1391/1391 1002/1002/1002 1000/1000/1000
f 1391/1391/1391 1000/1000/1000 1390/1390/1390
f 1392/1392/1392 1004/1004/1004 1002/1002/1002
f 1392/1392/1392 1002/1002/1002 1391/1391/1391
f 1393/1393/1393 1006/1006/1006 1004/1004/1004
f 1393/1393/1393 1004/1004/1004 1392/1392/1392
f 1394/1394/1394 1008/1008/1008 1006/1006/1006
f 1394/1394/1394 1006/1006/1006 1393/1393/1393
f 1395/1395/1395 1010/1010/1010 1008/1008/1008
f 1395/1395/1395 1008/1008/1008 1394/1394/1394
f 1396/1396/1396 1012/1012/1012 1010/1010/1010
f 1396/1396/1396 1010/1010/1010 1395/1395/1395
f 1397/1397/1397 1014/1014/1014 1012/1012/1012
f 1397/1397/1397 1012/1012/1012 1396/1396/1396
f 1398/1398/1398 1016/1016/1016 1014/1014/1014
f 1398/1398/1398 1014/1014/1014 1397/1397/1397
f 1399/1399/1399 1018/1018/1018 1016/1016/1016
f 1399/1399/1399 1016/1016/1016 1398/1398/1398
f 1400/1400/1400 1020/1020/1020 1018/1018/1018
f 1400/1400/1400 1018/1018/1018 1399/1399/1399
f 1401/1401/1401 1022/1022/1022 1020/1020/1020
f 1401/1401/1401 1020/1020/1020 1400/1400/1400
f 1402/1402/1402 1024/1024/1024 1022/1022/1022
f 1402/1402/1402 1022/1022/1022 1401/1401/1401
f 1403/1403/1403 1026/1026/1026 1024/1024/1024
f 1403/1403/1403 1024/1024/1024 1402/1402/1402
f 1404/1404/1404 1027/1027/1027 1026/1026/1026
f 1404/1404/1404 1026/1026/1026 1403/1403/1403
f 1405/1405/1405 1029/1029/1029 1027/1027/1027
f 1405/1405/1405 1027/1027/1027 1404/1404/1404
f 1406/1406/1406 1031/1031/1031 1029/1029/1029
f 1406/1406/1406 1029/1029/1029 1405/1405/1405
f 1407/1407/1407 1033/1033/1033 1031/1031/1031
f 1407/1407/1407 1031/1031/1031 1406/1406/1406
f 1408/1408/1408 1035/1035/1035 1033/1033/1033
f 1408/1408/1408 1033/1033/1033 1407/1407/1407
f 1409/1409/1409 1037/1037/1037 1035/1035/1035
f 1409/1409/1409 1035/1035/1035 1408/1408/1408
f 1410/1410/1410 1039/1039/1039 1037/1037/1037
f 1410/1410/1410 1037/1037/1037 1409/1409/1409
f 1411/1411/1411 1041/1041/1041 1039/1039/1039
f 1411/1411/1411 1039/1039/1039 1410/1410/1410
f 1412/1412/1412 1043/1043/1043 1041/1041/1041
f 1412/1412/1412 1041/1041/1041 1411/1411/1411
f 1413/1413/1413 1045/1045/1045 1043/1043/1043
f 1413/1413/1413 1043/1043/1043 1412/1412/1412
f 1414/1414/1414 1047/1047/1047 1045/1045/1045
f 1414/1414/1414 1045/1045/1045 1413/1413/1413
f 1415/1415/1415 1049/1049/1049 1047/1047/1047
f 1415/1415/1415 1047/1047/1047 1414/1414/1414
f 1416/1416/1416 1051/1051/1051 1049/1049/1049
f 1416/1416/1416 1049/1049/1049 1415/1415/1415
f 1417/1417/1417 1053/1053/1053 1051/1051/1051
f 1417/1417/1417 1051/1051/1051 1416/1416/1416
f 1418/1418/1418 1055/1055/1055 1053/1053/1053
f 1418/1418/1418 1053/1053/1053 1417/1417/1417
f 1419/1419/1419 1057/1057/1057 1055/1055/1055
f 1419/1419/1419 1055/1055/1055 1418/1418/1418
f 1387/1387/1387 995/995/995 1057/1057/1057
f 1387/1387/1387 1057/1057/1057 1419/1419/1419
f 1541/1541/1541 1114/1114/1114 1113/1113/1113
f 1541/1541/1541 1113/1113/1113 1448/1448/1448
f 1448/1448/1448 1113/1113/1113 1112/1112/1112
f 1448/1448/1448 1112/1112/1112 1447/1447/1447
f 1447/1447/1447 1112/1112/1112 1111/1111/1111
f 1447/1447/1447 1111/1111/1111 1446/1446/1446
f 1446/1446/1446 1111/1111/1111 1110/1110/1110
f 1446/1446/1446 1110/1110/1110 1445/1445/1445
f 1445/1445/1445 1110/1110/1110 1109/1109/1109
f 1445/1445/1445 1109/1109/1109 1444/1444/1444
f 1444/1444/1444 1109/1109/1109 1108/1108/1108
f 1444/1444/1444 1108/1108/1108 1443/1443/1443
f 1443/1443/1443 1108/1108/1108 1107/1107/1107
f 1443/1443/1443 1107/1107/1107 1442/1442/1442
f 1442/1442/1442 1107/1107/1107 1105/1105/1105
f 1442/1442/1442 1105/1105/1105 1440/1440/1440
f 1441/1441/1441 1106/1106/1106 1104/1104/1104
f 1441/1441/1441 1104/1104/1104 1439/1439/1439
f 1439/1439/1439 1104/1104/1104 1103/1103/1103
f 1439/1439/1439 1103/1103/1103 1438/1438/1438
f 1438/1438/1438 1103/1103/1103 1102/1102/1102
f 1438/1438/1438 1102/1102/1102 1437/1437/1437
f 1437/1437/1437 1102/1102/1102 1101/1101/1101
f 1437/1437/1437 1101/1101/1101 1436/1436/1436
f 1436/1436/1436 1101/1101/1101 1100/1100/1100
f 1436/1436/1436 1100/1100/1100 1435/1435/1435
f 1435/1435/1435 1100/1100/1100 1099/1099/1099
f 1435/1435/1435 1099/1099/1099 1434/1434/1434
f 1434/1434/1434 1099/1099/1099 1098/1098/1098
f 1434/1434/1434 1098/1098/1098 1433/1433/1433
f 1433/1433/1433 1098/1098/1098 1097/1097/1097
f 1433/1433/1433 1097/1097/1097 1432/1432/1432
f 1432/1432/1432 1097/1097/1097 1096/1096/1096
f 1432/1432/1432 1096/1096/1096 1431/1431/1431
f 1431/1431/1431 1096/1096/1096 1095/1095/1095
f 1431/1431/1431 1095/1095/1095 1430/1430/1430
f 1430/1430/1430 1095/1095/1095 1094/1094/1094
f 1430/1430/1430 1094/1094/1094 1429/1429/1429
f 1429/1429/1429 1094/1094/1094 1093/1093/1093
f 1429/1429/1429 1093/1093/1093 1428/1428/1428
f 1428/1428/1428 1093/1093/1093 1092/1092/1092
f 1428/1428/1428 1092/1092/1092 1427/1427/1427
f 1427/1427/1427 1092/1092/1092 1124/1124/1124
f 1427/1427/1427 1124/1124/1124 1426/1426/1426
f 1426/1426/1426 1124/1124/1124 1123/1123/1123
f 1426/1426/1426 1123/1123/1123 1425/1425/1425
f 1425/1425/1425 1123/1123/1123 1122/1122/1122
f 1425/1425/1425 1122/1122/1122 1424/1424/1424
f 1424/1424/1424 1122/1122/1122 1121/1121/1121
f 1424/1424/1424 1121/1121/1121 1423/1423/1423
f 1423/1423/1423 1121/1121/1121 1120/1120/1120
f 1423/1423/1423 1120/1120/1120 1422/1422/1422
f 1422/1422/1422 1120/1120/1120 1119/1119/1119
f 1422/1422/1422 1119/1119/1119 1421/1421/1421
f 1421/1421/1421 1119/1119/1119 1118/1118/1118
f 1421/1421/1421 1118/1118/1118 1452/1452/1452
f 1452/1452/1452 1118/1118/1118 1117/1117/1117
f 1452/1452/1452 1117/1117/1117 1451/1451/1451
f 1451/1451/1451 1117/1117/1117 1116/1116/1116
f 1451/1451/1451 1116/1116/1116 1450/1450/1450
f 1450/1450/1450 1116/1116/1116 1115/1115/1115
f 1450/1450/1450 1115/1115/1115 1449/1449/1449
f 1449/1449/1449 1115/1115/1115 1114/1114/1114
f 1449/1449/1449 1114/1114/1114 1541/1541/1541
f 1584/1584/1584 1184/1184/1184 1183/1183/1183
f 1584/1584/1584 1183/1183/1183 1540/1540/1540
f 1540/1540/1540 1183/1183/1183 1182/1182/1182
f 1540/1540/1540 1182/1182/1182 1539/1539/1539
f 1539/1539/1539 1182/1182/1182 1181/1181/1181
f 1539/1539/1539 1181/1181/1181 1538/1538/1538
f 1538/1538/1538 1181/1181/1181 1180/1180/1180
f 1538/1538/1538 1180/1180/1180 1537/1537/1537
f 1537/1537/1537 1180/1180/1180 1179/1179/1179
f 1537/1537/1537 1179/1179/1179 1536/1536/1536
f 1536/1536/1536 1179/1179/1179 1178/1178/1178
f 1536/1536/1536 1178/1178/1178 1535/1535/1535
f 1535/1535/1535 1178/1178/1178 1177/1177/1177
f 1535/1535/1535 1177/1177/1177 1534/1534/1534
f 1534/1534/1534 1177/1177/1177 1175/1175/1175
f 1534/1534/1534 1175/1175/1175 1532/1532/1532
f 1533/1533/1533 1176/1176/1176 1174/1174/1174
f 1533/1533/1533 1174/1174/1174 1531/1531/1531
f 1531/1531/1531 1174/1174/1174 1173/1173/1173
f 1531/1531/1531 1173/1173/1173 1530/1530/1530
f 1530/1530/1530 1173/1173/1173 1172/1172/1172
f 1530/1530/1530 1172/1172/1172 1529/1529/1529
f 1529/1529/1529 1172/1172/1172 1171/1171/1171
f 1529/1529/1529 1171/1171/1171 1528/1528/1528
f 1528/1528/1528 1171/1171/1171 1170/1170/1170
f 1528/1528/1528 1170/1170/1170 1527/1527/1527
f 1527/1527/1527 1170/1170/1170 1169/1169/1169
f 1527/1527/1527 1169/1169/1169 1526/1526/1526
f 1526/1526/1526 1169/1169/1169 1168/1168/1168
f 1526/1526/1526 1168/1168/1168 1525/1525/1525
f 1525/1525/1525 1168/1168/1168 1167/1167/1167
f 1525/1525/1525 1167/1167/1167 1524/1524/1524
f 1524/1524/1524 1167/1167/1167 1166/1166/1166
f 1524/1524/1524 1166/1166/1166 1523/1523/1523
f 1523/1523/1523 1166/1166/1166 1165/1165/1165
f 1523/1523/1523 1165/1165/1165 1522/1522/1522
f 1522/1522/1522 1165/1165/1165 1164/1164/1164
f 1522/1522/1522 1164/1164/1164 1521/1521/1521
f 1521/1521/1521 1164/1164/1164 1163/1163/1163
f 1521/1521/1521 1163/1163/1163 1520/1520/1520
f 1520/1520/1520 1163/1163/1163 1162/1162/1162
f 1520/1520/1520 1162/1162/1162 1519/1519/1519
f 1519/1519/1519 1162/1162/1162 1161/1161/1161
f 1519/1519/1519 1161/1161/1161 1551/1551/1551
f 1551/1551/1551 1161/1161/1161 1160/1160/1160
f 1551/1551/1551 1160/1160/1160 1550/1550/1550
f 1550/1550/1550 1160/1160/1160 1159/1159/1159
f 1550/1550/1550 1159/1159/1159 1549/1549/1549
f 1549/1549/1549 1159/1159/1159 1158/1158/1158
f 1549/1549/1549 1158/1158/1158 1548/1548/1548
f 1548/1548/1548 1158/1158/1158 1157/1157/1157
f 1548/1548/1548 1157/1157/1157 1547/1547/1547
f 1547/1547/1547 1157/1157/1157 1156/1156/1156
f 1547/1547/1547 1156/1156/1156 1546/1546/1546
f 1546/1546/1546 1156/1156/1156 1188/1188/1188
f 1546/1546/1546 1188/1188/1188 1545/1545/1545
f 1545/1545/1545 1188/1188/1188 1187/1187/1187
f 1545/1545/1545 1187/1187/1187 1544/1544/1544
f 1544/1544/1544 1187/1187/1187 1186/1186/1186
f 1544/1544/1544 1186/1186/1186 1543/1543/1543
f 1543/1543/1543 1186/1186/1186 1185/1185/1185
f 1543/1543/1543 1185/1185/1185 1542/1542/1542
f 1542/1542/1542 1185/1185/1185 1184/1184/1184
f 1542/1542/1542 1184/1184/1184 1584/1584/1584
f 1593/1593/1593 1197/1197/1197 1198/1198/1198
f 1593/1593/1593 1198/1198/1198 1594/1594/1594
f 1594/1594/1594 1198/1198/1198 1199/1199/1199
f 1594/1594/1594 1199/1199/1199 1595/1595/1595
f 1595/1595/1595 1199/1199/1199 1200/1200/1200
f 1595/1595/1595 1200/1200/1200 1596/1596/1596
f 1596/1596/1596 1200/1200/1200 1201/1201/1201
f 1596/1596/1596 1201/1201/1201 1597/1597/1597
f 1597/1597/1597 1201/1201/1201 1202/1202/1202
f 1597/1597/1597 1202/1202/1202 1598/1598/1598
f 1598/1598/1598 1202/1202/1202 1203/1203/1203
f 1598/1598/1598 1203/1203/1203 1599/1599/1599
f 1599/1599/1599 1203/1203/1203 1204/1204/1204
f 1599/1599/1599 1204/1204/1204 1600/1600/1600
f 1600/1600/1600 1204/1204/1204 1205/1205/1205
f 1600/1600/1600 1205/1205/1205 1601/1601/1601
f 1602/1602/1602 1206/1206/1206 1207/1207/1207
f 1602/1602/1602 1207/1207/1207 1603/1603/1603
f 1603/1603/1603 1207/1207/1207 1208/1208/1208
f 1603/1603/1603 1208/1208/1208 1604/1604/1604
f 1604/1604/1604 1208/1208/1208 1209/1209/1209
f 1604/1604/1604 1209/1209/1209 1605/1605/1605
f 1605/1605/1605 1209/1209/1209 1210/1210/1210
f 1605/1605/1605 1210/1210/1210 1606/1606/1606
f 1606/1606/1606 1210/1210/1210 1211/1211/1211
f 1606/1606/1606 1211/1211/1211 1607/1607/1607
f 1607/1607/1607 1211/1211/1211 1212/1212/1212
f 1607/1607/1607 1212/1212/1212 1608/1608/1608
f 1608/1608/1608 1212/1212/1212 1213/1213/1213
f 1608/1608/1608 1213/1213/1213 1609/1609/1609
f 1609/1609/1609 1213/1213/1213 1214/1214/1214
f 1609/1609/1609 1214/1214/1214 1610/1610/1610
f 1610/1610/1610 1214/1214/1214 1215/1215/1215
f 1610/1610/1610 1215/1215/1215 1611/1611/1611
f 1611/1611/1611 1215/1215/1215 1216/1216/1216
f 1611/1611/1611 1216/1216/1216 1612/1612/1612
f 1612/1612/1612 1216/1216/1216 1217/1217/1217
f 1612/1612/1612 1217/1217/1217 1613/1613/1613
f 1613/1613/1613 1217/1217/1217 1218/1218/1218
f 1613/1613/1613 1218/1218/1218 1614/1614/1614
f 1614/1614/1614 1218/1218/1218 1219/1219/1219
f 1614/1614/1614 1219/1219/1219 1615/1615/1615
f 1615/1615/1615 1219/1219/1219 1220/1220/1220
f 1615/1615/1615 1220/1220/1220 1616/1616/1616
f 1616/1616/1616 1220/1220/1220 1221/1221/1221
f 1616/1616/1616 1221/1221/1221 1617/1617/1617
f 1617/1617/1617 1221/1221/1221 1189/1189/1189
f 1617/1617/1617 1189/1189/1189 1585/1585/1585
f 1585/1585/1585 1189/1189/1189 1190/1190/1190
f 1585/1585/1585 1190/1190/1190 1586/1586/1586
f 1586/1586/1586 1190/1190/1190 1191/1191/1191
f 1586/1586/1586 1191/1191/1191 1587/1587/1587
f 1587/1587/1587 1191/1191/1191 1192/1192/1192
f 1587/1587/1587 1192/1192/1192 1588/1588/1588
f 1588/1588/1588 1192/1192/1192 1193/1193/1193
f 1588/1588/1588 1193/1193/1193 1589/1589/1589
f 1589/1589/1589 1193/1193/1193 1194/1194/1194
f 1589/1589/1589 1194/1194/1194 1590/1590/1590
f 1590/1590/1590 1194/1194/1194 1195/1195/1195
f 1590/1590/1590 1195/1195/1195 1591/1591/1591
f 1591/1591/1591 1195/1195/1195 1196/1196/1196
f 1591/1591/1591 1196/1196/1196 1583/1583/1583
f 1583/1583/1583 1196/1196/1196 1197/1197/1197
f 1583/1583/1583 1197/1197/1197 1593/1593/1593
f 1618/1618/1618 1222/1222/1222 1223/1223/1223
f 1618/1618/1618 1223/1223/1223 1619/1619/1619
f 1619/1619/1619 1223/1223/1223 1224/1224/1224
f 1619/1619/1619 1224/1224/1224 1620/1620/1620
f 1620/1620/1620 1224/1224/1224 1225/1225/1225
f 1620/1620/1620 1225/1225/1225 1621/1621/1621
f 1621/1621/1621 1225/1225/1225 1226/1226/1226
f 1621/1621/1621 1226/1226/1226 1622/1622/1622
f 1622/1622/1622 1226/1226/1226 1227/1227/1227
f 1622/1622/1622 1227/1227/1227 1623/1623/1623
f 1623/1623/1623 1227/1227/1227 1228/1228/1228
f 1623/1623/1623 1228/1228/1228 1624/1624/1624
f 1624/1624/1624 1228/1228/1228 1229/1229/1229
f 1624/1624/1624 1229/1229/1229 1625/1625/1625
f 1625/1625/1625 1229/1229/1229 1230/1230/1230
f 1625/1625/1625 1230/1230/1230 1626/1626/1626
f 1627/1627/1627 1231/1231/1231 1232/1232/1232
f 1627/1627/1627 1232/1232/1232 1628/1628/1628
f 1628/1628/1628 1232/1232/1232 1233/1233/1233
f 1628/1628/1628 1233/1233/1233 1629/1629/1629
f 1629/1629/1629 1233/1233/1233 1234/1234/1234
f 1629/1629/1629 1234/1234/1234 1630/1630/1630
f 1630/1630/1630 1234/1234/1234 1235/1235/1235
f 1630/1630/1630 1235/1235/1235 1631/1631/1631
f 1631/1631/1631 1235/1235/1235 1236/1236/1236
f 1631/1631/1631 1236/1236/1236 1632/1632/1632
f 1632/1632/1632 1236/1236/1236 1237/1237/1237
f 1632/1632/1632 1237/1237/1237 1633/1633/1633
f 1633/1633/1633 1237/1237/1237 1238/1238/1238
f 1633/1633/1633 1238/1238/1238 1634/1634/1634
f 1634/1634/1634 1238/1238/1238 1239/1239/1239
f 1634/1634/1634 1239/1239/1239 1635/1635/1635
f 1635/1635/1635 1239/1239/1239 1240/1240/1240
f 1635/1635/1635 1240/1240/1240 1636/1636/1636
f 1636/1636/1636 1240/1240/1240 1241/1241/1241
f 1636/1636/1636 1241/1241/1241 1637/1637/1637
f 1637/1637/1637 1241/1241/1241 1242/1242/1242
f 1637/1637/1637 1242/1242/1242 1638/1638/1638
f 1638/1638/1638 1242/1242/1242 1243/1243/1243
f 1638/1638/1638 1243/1243/1243 1639/1639/1639
f 1639/1639/1639 1243/1243/1243 1244/1244/1244
f 1639/1639/1639 1244/1244/1244 1640/1640/1640
f 1640/1640/1640 1244/1244/1244 1245/1245/1245
f 1640/1640/1640 1245/1245/1245 1641/1641/1641
f 1641/1641/1641 1245/1245/1245 1246/1246/1246
f 1641/1641/1641 1246/1246/1246 1642/1642/1642
f 1642/1642/1642 1246/1246/1246 1247/1247/1247
f 1642/1642/1642 1247/1247/1247 1643/1643/1643
f 1643/1643/1643 1247/1247/1247 1248/1248/1248
f 1643/1643/1643 1248/1248/1248 1644/1644/1644
f 1644/1644/1644 1248/1248/1248 1249/1249/1249
f 1644/1644/1644 1249/1249/1249 1645/1645/1645
f 1645/1645/1645 1249/1249/1249 1250/1250/1250
f 1645/1645/1645 1250/1250/1250 1646/1646/1646
f 1646/1646/1646 1250/1250/1250 1251/1251/1251
f 1646/1646/1646 1251/1251/1251 1647/1647/1647
f 1647/1647/1647 1251/1251/1251 1252/1252/1252
f 1647/1647/1647 1252/1252/1252 1648/1648/1648
f 1648/1648/1648 1252/1252/1252 1253/1253/1253
f 1648/1648/1648 1253/1253/1253 1649/1649/1649
f 1649/1649/1649 1253/1253/1253 1254/1254/1254
f 1649/1649/1649 1254/1254/1254 1592/1592/1592
f 1592/1592/1592 1254/1254/1254 1222/1222/1222
f 1592/1592/1592 1222/1222/1222 1618/1618/1618
f 1355/1355/1355 991/991/991 1125/1125/1125
f 1355/1355/1355 1125/1125/1125 1552/1552/1552
f 1552/1552/1552 1125/1125/1125 1126/1126/1126
f 1552/1552/1552 1126/1126/1126 1553/1553/1553
f 1553/1553/1553 1126/1126/1126 1127/1127/1127
f 1553/1553/1553 1127/1127/1127 1554/1554/1554
f 1554/1554/1554 1127/1127/1127 1128/1128/1128
f 1554/1554/1554 1128/1128/1128 1555/1555/1555
f 1555/1555/1555 1128/1128/1128 1129/1129/1129
f 1555/1555/1555 1129/1129/1129 1556/1556/1556
f 1556/1556/1556 1129/1129/1129 1130/1130/1130
f 1556/1556/1556 1130/1130/1130 1557/1557/1557
f 1557/1557/1557 1130/1130/1130 1131/1131/1131
f 1557/1557/1557 1131/1131/1131 1558/1558/1558
f 1558/1558/1558 1131/1131/1131 1132/1132/1132
f 1558/1558/1558 1132/1132/1132 1559/1559/1559
f 1560/1560/1560 1133/1133/1133 1134/1134/1134
f 1560/1560/1560 1134/1134/1134 1561/1561/1561
f 1561/1561/1561 1134/1134/1134 1135/1135/1135
f 1561/1561/1561 1135/1135/1135 1562/1562/1562
f 1562/1562/1562 1135/1135/1135 1136/1136/1136
f 1562/1562/1562 1136/1136/1136 1563/1563/1563
f 1563/1563/1563 1136/1136/1136 1137/1137/1137
f 1563/1563/1563 1137/1137/1137 1564/1564/1564
f 1564/1564/1564 1137/1137/1137 1138/1138/1138
f 1564/1564/1564 1138/1138/1138 1565/1565/1565
f 1565/1565/1565 1138/1138/1138 1139/1139/1139
f 1565/1565/1565 1139/1139/1139 1566/1566/1566
f 1566/1566/1566 1139/1139/1139 1140/1140/1140
f 1566/1566/1566 1140/1140/1140 1567/1567/1567
f 1567/1567/1567 1140/1140/1140 1141/1141/1141
f 1567/1567/1567 1141/1141/1141 1568/1568/1568
f 1568/1568/1568 1141/1141/1141 1142/1142/1142
f 1568/1568/1568 1142/1142/1142 1569/1569/1569
f 1569/1569/1569 1142/1142/1142 1143/1143/1143
f 1569/1569/1569 1143/1143/1143 1570/1570/1570
f 1570/1570/1570 1143/1143/1143 1144/1144/1144
f 1570/1570/1570 1144/1144/1144 1571/1571/1571
f 1571/1571/1571 1144/1144/1144 1145/1145/1145
f 1571/1571/1571 1145/1145/1145 1572/1572/1572
f 1572/1572/1572 1145/1145/1145 1146/1146/1146
f 1572/1572/1572 1146/1146/1146 1573/1573/1573
f 1573/1573/1573 1146/1146/1146 1147/1147/1147
f 1573/1573/1573 1147/1147/1147 1574/1574/1574
f 1574/1574/1574 1147/1147/1147 1148/1148/1148
f 1574/1574/1574 1148/1148/1148 1575/1575/1575
f 1575/1575/1575 1148/1148/1148 1149/1149/1149
f 1575/1575/1575 1149/1149/1149 1576/1576/1576
f 1576/1576/1576 1149/1149/1149 1150/1150/1150
f 1576/1576/1576 1150/1150/1150 1577/1577/1577
f 1577/1577/1577 1150/1150/1150 1151/1151/1151
f 1577/1577/1577 1151/1151/1151 1578/1578/1578
f 1578/1578/1578 1151/1151/1151 1152/1152/1152
f 1578/1578/1578 1152/1152/1152 1579/1579/1579
f 1579/1579/1579 1152/1152/1152 1153/1153/1153
f 1579/1579/1579 1153/1153/1153 1580/1580/1580
f 1580/1580/1580 1153/1153/1153 1154/1154/1154
f 1580/1580/1580 1154/1154/1154 1581/1581/1581
f 1581/1581/1581 1154/1154/1154 1155/1155/1155
f 1581/1581/1581 1155/1155/1155 1582/1582/1582
f 1582/1582/1582 1155/1155/1155 992/992/992
f 1582/1582/1582 992/992/992 1650/1650/1650
f 1650/1650/1650 992/992/992 991/991/991
f 1650/1650/1650 991/991/991 1355/1355/1355
f 1420/1420/1420 1087/1087/1087 1086/1086/1086
f 1420/1420/1420 1086/1086/1086 1681/1681/1681
f 1681/1681/1681 1086/1086/1086 1085/1085/1085
f 1681/1681/1681 1085/1085/1085 1680/1680/1680
f 1680/1680/1680 1085/1085/1085 1084/1084/1084
f 1680/1680/1680 1084/1084/1084 1679/1679/1679
f 1679/1679/1679 1084/1084/1084 1083/1083/1083
f 1679/1679/1679 1083/1083/1083 1678/1678/1678
f 1678/1678/1678 1083/1083/1083 1082/1082/1082
f 1678/1678/1678 1082/1082/1082 1677/1677/1677
f 1677/1677/1677 1082/1082/1082 1081/1081/1081
f 1677/1677/1677 1081/1081/1081 1676/1676/1676
f 1676/1676/1676 1081/1081/1081 1080/1080/1080
f 1676/1676/1676 1080/1080/1080 1675/1675/1675
f 1675/1675/1675 1080/1080/1080 1078/1078/1078
f 1675/1675/1675 1078/1078/1078 1673/1673/1673
f 1674/1674/1674 1079/1079/1079 1077/1077/1077
f 1674/1674/1674 1077/1077/1077 1672/1672/1672
f 1672/1672/1672 1077/1077/1077 1076/1076/1076
f 1672/1672/1672 1076/1076/1076 1671/1671/1671
f 1671/1671/1671 1076/1076/1076 1075/1075/1075
f 1671/1671/1671 1075/1075/1075 1670/1670/1670
f 1670/1670/1670 1075/1075/1075 1074/1074/1074
f 1670/1670/1670 1074/1074/1074 1669/1669/1669
f 1669/1669/1669 1074/1074/1074 1073/1073/1073
f 1669/1669/1669 1073/1073/1073 1668/1668/1668
f 1668/1668/1668 1073/1073/1073 1072/1072/1072
f 1668/1668/1668 1072/1072/1072 1667/1667/1667
f 1667/1667/1667 1072/1072/1072 1071/1071/1071
f 1667/1667/1667 1071/1071/1071 1666/1666/1666
f 1666/1666/1666 1071/1071/1071 1070/1070/1070
f 1666/1666/1666 1070/1070/1070 1665/1665/1665
f 1665/1665/1665 1070/1070/1070 1069/1069/1069
f 1665/1665/1665 1069/1069/1069 1664/1664/1664
f 1664/1664/1664 1069/1069/1069 1068/1068/1068
f 1664/1664/1664 1068/1068/1068 1663/1663/1663
f 1663/1663/1663 1068/1068/1068 1067/1067/1067
f 1663/1663/1663 1067/1067/1067 1662/1662/1662
f 1662/1662/1662 1067/1067/1067 1066/1066/1066
f 1662/1662/1662 1066/1066/1066 1661/1661/1661
f 1661/1661/1661 1066/1066/1066 1065/1065/1065
f 1661/1661/1661 1065/1065/1065 1660/1660/1660
f 1660/1660/1660 1065/1065/1065 1064/1064/1064
f 1660/1660/1660 1064/1064/1064 1659/1659/1659
f 1659/1659/1659 1064/1064/1064 1063/1063/1063
f 1659/1659/1659 1063/1063/1063 1658/1658/1658
f 1658/1658/1658 1063/1063/1063 1062/1062/1062
f 1658/1658/1658 1062/1062/1062 1657/1657/1657
f 1657/1657/1657 1062/1062/1062 1061/1061/1061
f 1657/1657/1657 1061/1061/1061 1656/1656/1656
f 1656/1656/1656 1061/1061/1061 1060/1060/1060
f 1656/1656/1656 1060/1060/1060 1655/1655/1655
f 1655/1655/1655 1060/1060/1060 1059/1059/1059
f 1655/1655/1655 1059/1059/1059 1654/1654/1654
f 1654/1654/1654 1059/1059/1059 1091/1091/1091
f 1654/1654/1654 1091/1091/1091 1653/1653/1653
f 1653/1653/1653 1091/1091/1091 1090/1090/1090
f 1653/1653/1653 1090/1090/1090 1652/1652/1652
f 1652/1652/1652 1090/1090/1090 1089/1089/1089
f 1652/1652/1652 1089/1089/1089 1651/1651/1651
f 1651/1651/1651 1089/1089/1089 1088/1088/1088
f 1651/1651/1651 1088/1088/1088 1683/1683/1683
f 1683/1683/1683 1088/1088/1088 1087/1087/1087
f 1683/1683/1683 1087/1087/1087 1420/1420/1420
f 1684/1684/1684 1420/1420/1420 1681/1681/1681
f 1684/1684/1684 1681/1681/1681 1685/1685/1685
f 1685/1685/1685 1681/1681/1681 1680/1680/1680
f 1685/1685/1685 1680/1680/1680 1686/1686/1686
f 1686/1686/1686 1680/1680/1680 1679/1679/1679
f 1686/1686/1686 1679/1679/1679 1687/1687/1687
f 1687/1687/1687 1679/1679/1679 1678/1678/1678
f 1687/1687/1687 1678/1678/1678 1688/1688/1688
f 1688/1688/1688 1678/1678/1678 1677/1677/1677
f 1688/1688/1688 1677/1677/1677 1689/1689/1689
f 1689/1689/1689 1677/1677/1677 1676/1676/1676
f 1689/1689/1689 1676/1676/1676 1690/1690/1690
f 1690/1690/1690 1676/1676/1676 1675/1675/1675
f 1690/1690/1690 1675/1675/1675 1691/1691/1691
f 1691/1691/1691 1675/1675/1675 1673/1673/1673
f 1691/1691/1691 1673/1673/1673 1692/1692/1692
f 1693/1693/1693 1674/1674/1674 1672/1672/1672
f 1693/1693/1693 1672/1672/1672 1694/1694/1694
f 1694/1694/1694 1672/1672/1672 1671/1671/1671
f 1694/1694/1694 1671/1671/1671 1695/1695/1695
f 1695/1695/1695 1671/1671/1671 1670/1670/1670
f 1695/1695/1695 1670/1670/1670 1696/1696/1696
f 1696/1696/1696 1670/1670/1670 1669/1669/1669
f 1696/1696/1696 1669/1669/1669 1697/1697/1697
f 1697/1697/1697 1669/1669/1669 1668/1668/1668
f 1697/1697/1697 1668/1668/1668 1698/1698/1698
f 1698/1698/1698 1668/1668/1668 1667/1667/1667
f 1698/1698/1698 1667/1667/1667 1699/1699/1699
f 1699/1699/1699 1667/1667/1667 1666/1666/1666
f 1699/1699/1699 1666/1666/1666 1700/1700/1700
f 1700/1700/1700 1666/1666/1666 1665/1665/1665
f 1700/1700/1700 1665/1665/1665 1701/1701/1701
f 1701/1701/1701 1665/1665/1665 1664/1664/1664
f 1701/1701/1701 1664/1664/1664 1702/1702/1702
f 1702/1702/1702 1664/1664/1664 1663/1663/1663
f 1702/1702/1702 1663/1663/1663 1703/1703/1703
f 1703/1703/1703 1663/1663/1663 1662/1662/1662
f 1703/1703/1703 1662/1662/1662 1704/1704/1704
f 1704/1704/1704 1662/1662/1662 1661/1661/1661
f 1704/1704/1704 1661/1661/1661 1705/1705/1705
f 1705/1705/1705 1661/1661/1661 1660/1660/1660
f 1705/1705/1705 1660/1660/1660 1706/1706/1706
f 1706/1706/1706 1660/1660/1660 1659/1659/1659
f 1706/1706/1706 1659/1659/1659 1707/1707/1707
f 1707/1707/1707 1659/1659/1659 1658/1658/1658
f 1707/1707/1707 1658/1658/1658 1708/1708/1708
f 1708/1708/1708 1658/1658/1658 1657/1657/1657
f 1708/1708/1708 1657/1657/1657 1709/1709/1709
f 1709/1709/1709 1657/1657/1657 1656/1656/1656
f 1709/1709/1709 1656/1656/1656 1710/1710/1710
f 1710/1710/1710 1656/1656/1656 1655/1655/1655
f 1710/1710/1710 1655/1655/1655 1711/1711/1711
f 1711/1711/1711 1655/1655/1655 1654/1654/1654
f 1711/1711/1711 1654/1654/1654 1712/1712/1712
f 1712/1712/1712 1654/1654/1654 1653/1653/1653
f 1712/1712/1712 1653/1653/1653 1713/1713/1713
f 1713/1713/1713 1653/1653/1653 1652/1652/1652
f 1713/1713/1713 1652/1652/1652 1714/1714/1714
f 1714/1714/1714 1652/1652/1652 1651/1651/1651
f 1714/1714/1714 1651/1651/1651 1715/1715/1715
f 1715/1715/1715 1651/1651/1651 1683/1683/1683
f 1715/1715/1715 1683/1683/1683 1716/1716/1716
f 1716/1716/1716 1683/1683/1683 1420/1420/1420
f 1716/1716/1716 1420/1420/1420 1684/1684/1684
f 595/595/595 597/597/597 1456/1456/1456
f 595/595/595 1456/1456/1456 1454/1454/1454
f 597/597/597 599/599/599 1458/1458/1458
f 597/597/597 1458/1458/1458 1456/1456/1456
f 599/599/599 601/601/601 1460/1460/1460
f 599/599/599 1460/1460/1460 1458/1458/1458
f 601/601/601 603/603/603 1462/1462/1462
f 601/601/601 1462/1462/1462 1460/1460/1460
f 603/603/603 605/605/605 1464/1464/1464
f 603/603/603 1464/1464/1464 1462/1462/1462
f 605/605/605 607/607/607 1466/1466/1466
f 605/605/605 1466/1466/1466 1464/1464/1464
f 607/607/607 609/609/609 1468/1468/1468
f 607/607/607 1468/1468/1468 1466/1466/1466
f 609/609/609 612/612/612 1470/1470/1470
f 609/609/609 1470/1470/1470 1468/1468/1468
f 611/611/611 616/616/616 1473/1473/1473
f 611/611/611 1473/1473/1473 1469/1469/1469
f 616/616/616 618/618/618 1475/1475/1475
f 616/616/616 1475/1475/1475 1473/1473/1473
f 618/618/618 620/620/620 1477/1477/1477
f 618/618/618 1477/1477/1477 1475/1475/1475
f 620/620/620 622/622/622 1479/1479/1479
f 620/620/620 1479/1479/1479 1477/1477/1477
f 622/622/622 624/624/624 1481/1481/1481
f 622/622/622 1481/1481/1481 1479/1479/1479
f 624/624/624 626/626/626 1483/1483/1483
f 624/624/624 1483/1483/1483 1481/1481/1481
f 626/626/626 628/628/628 1485/1485/1485
f 626/626/626 1485/1485/1485 1483/1483/1483
f 628/628/628 630/630/630 1487/1487/1487
f 628/628/628 1487/1487/1487 1485/1485/1485
f 630/630/630 632/632/632 1489/1489/1489
f 630/630/630 1489/1489/1489 1487/1487/1487
f 632/632/632 634/634/634 1491/1491/1491
f 632/632/632 1491/1491/1491 1489/1489/1489
f 634/634/634 636/636/636 1493/1493/1493
f 634/634/634 1493/1493/1493 1491/1491/1491
f 636/636/636 638/638/638 1495/1495/1495
f 636/636/636 1495/1495/1495 1493/1493/1493
f 638/638/638 640/640/640 1497/1497/1497
f 638/638/638 1497/1497/1497 1495/1495/1495
f 640/640/640 642/642/642 1499/1499/1499
f 640/640/640 1499/1499/1499 1497/1497/1497
f 642/642/642 644/644/644 1501/1501/1501
f 642/642/642 1501/1501/1501 1499/1499/1499
f 644/644/644 645/645/645 1503/1503/1503
f 644/644/644 1503/1503/1503 1501/1501/1501
f 645/645/645 647/647/647 1506/1506/1506
f 645/645/645 1506/1506/1506 1503/1503/1503
f 647/647/647 649/649/649 1508/1508/1508
f 647/647/647 1508/1508/1508 1506/1506/1506
f 649/649/649 651/651/651 1510/1510/1510
f 649/649/649 1510/1510/1510 1508/1508/1508
f 651/651/651 653/653/653 1512/1512/1512
f 651/651/651 1512/1512/1512 1510/1510/1510
f 653/653/653 655/655/655 1514/1514/1514
f 653/653/653 1514/1514/1514 1512/1512/1512
f 655/655/655 657/657/657 1516/1516/1516
f 655/655/655 1516/1516/1516 1514/1514/1514
f 657/657/657 659/659/659 1518/1518/1518
f 657/657/657 1518/1518/1518 1516/1516/1516
f 659/659/659 595/595/595 1454/1454/1454
f 659/659/659 1454/1454/1454 1518/1518/1518
f 140/140/140 137/137/137 993/993/993
f 140/140/140 993/993/993 997/997/997
f 142/142/142 140/140/140 997/997/997
f 142/142/142 997/997/997 999/999/999
f 144/144/144 142/142/142 999/999/999
f 144/144/144 999/999/999 1001/1001/1001
f 146/146/146 144/144/144 1001/1001/1001
f 146/146/146 1001/1001/1001 1003/1003/1003
f 148/148/148 146/146/146 1003/1003/1003
f 148/148/148 1003/1003/1003 1005/1005/1005
f 150/150/150 148/148/148 1005/1005/1005
f 150/150/150 1005/1005/1005 1007/1007/1007
f 152/152/152 150/150/150 1007/1007/1007
f 152/152/152 1007/1007/1007 1009/1009/1009
f 154/154/154 152/152/152 1009/1009/1009
f 154/154/154 1009/1009/1009 1011/1011/1011
f 156/156/156 154/154/154 1011/1011/1011
f 156/156/156 1011/1011/1011 1013/1013/1013
f 158/158/158 156/156/156 1013/1013/1013
f 158/158/158 1013/1013/1013 1015/1015/1015
f 160/160/160 158/158/158 1015/1015/1015
f 160/160/160 1015/1015/1015 1017/1017/1017
f 162/162/162 160/160/160 1017/1017/1017
f 162/162/162 1017/1017/1017 1019/1019/1019
f 164/164/164 162/162/162 1019/1019/1019
f 164/164/164 1019/1019/1019 1021/1021/1021
f 166/166/166 164/164/164 1021/1021/1021
f 166/166/166 1021/1021/1021 1023/1023/1023
f 168/168/168 166/166/166 1023/1023/1023
f 168/168/168 1023/1023/1023 1025/1025/1025
f 169/169/169 168/168/168 1025/1025/1025
f 169/169/169 1025/1025/1025 1028/1028/1028
f 171/171/171 169/169/169 1028/1028/1028
f 171/171/171 1028/1028/1028 1030/1030/1030
f 173/173/173 171/171/171 1030/1030/1030
f 173/173/173 1030/1030/1030 1032/1032/1032
f 175/175/175 173/173/173 1032/1032/1032
f 175/175/175 1032/1032/1032 1034/1034/1034
f 177/177/177 175/175/175 1034/1034/1034
f 177/177/177 1034/1034/1034 1036/1036/1036
f 179/179/179 177/177/177 1036/1036/1036
f 179/179/179 1036/1036/1036 1038/1038/1038
f 181/181/181 179/179/179 1038/1038/1038
f 181/181/181 1038/1038/1038 1040/1040/1040
f 183/183/183 181/181/181 1040/1040/1040
f 183/183/183 1040/1040/1040 1042/1042/1042
f 185/185/185 183/183/183 1042/1042/1042
f 185/185/185 1042/1042/1042 1044/1044/1044
f 187/187/187 185/185/185 1044/1044/1044
f 187/187/187 1044/1044/1044 1046/1046/1046
f 189/189/189 187/187/187 1046/1046/1046
f 189/189/189 1046/1046/1046 1048/1048/1048
f 191/191/191 189/189/189 1048/1048/1048
f 191/191/191 1048/1048/1048 1050/1050/1050
f 193/193/193 191/191/191 1050/1050/1050
f 193/193/193 1050/1050/1050 1052/1052/1052
f 195/195/195 193/193/193 1052/1052/1052
f 195/195/195 1052/1052/1052 1054/1054/1054
f 197/197/197 195/195/195 1054/1054/1054
f 197/197/197 1054/1054/1054 1056/1056/1056
f 199/199/199 197/197/197 1056/1056/1056
f 199/199/199 1056/1056/1056 1058/1058/1058
f 138/138/138 199/199/199 1058/1058/1058
f 138/138/138 1058/1058/1058 994/994/994
